[2025-10-29T21:02:22Z INFO  owl_analyzer] --- Finishing trace ---
[2025-10-29T21:02:22Z INFO  owl_analyzer] Leakage test start
[2025-10-29T21:02:22Z WARN  owl_analyzer] Only one command, skip stage 1 and 2
[2025-10-29T21:02:22Z INFO  owl_analyzer] Stage 3 start
[2025-10-29T21:02:22Z INFO  owl_analyzer] test idx: 0, cmd: `/home/alan/Documents/Owl/src/owl-wrapper /home/alan/Documents/Owl/example/crypt-examples/libgpucrypto/bin/aes_test -m ENC -l 1024 -f`
[2025-10-29T21:02:22Z INFO  analyzer] collect fix input traces
[2025-10-29T21:02:22Z INFO  analyzer] run 10 times
-------------- 1/10 --------------
[2025-10-29T21:02:22Z INFO  analyzer] Recorded trace path: /home/alan/Documents/Owl/example/crypt-examples/libgpucrypto/owl_results/0/fix/0/
------------------------------------------
AES-128-CBC ENC, Size: 1KB
------------------------------------------
#msg latency(usec) thruput(Mbps)
[0;32m[+] GPUTrace[0m - STARTING CONTEXT 0x5f1fd773d670[0m
[0;32m[+] GPUTrace[0m - CTX 0x00005f1fd773d670 - LAUNCH - Kernel pc 0x000070a4b929b000 - Kernel name AES_cbc_128_encrypt_kernel_SharedMem(unsigned char const*, unsigned char*, unsigned int const*, unsigned char const*, unsigned char*, unsigned int, unsigned char*) - grid launch id 2 - grid size 1,1,1 - block size 256,1,1 - nregs 40 - shmem 4136 - cuda stream id 0[0m
[0;32m[+] GPUTrace[0m - CTX 0x00005f1fd773d670 - LAUNCH - Kernel pc 0x000070a4b929b000 - Kernel name AES_cbc_128_encrypt_kernel_SharedMem(unsigned char const*, unsigned char*, unsigned int const*, unsigned char const*, unsigned char*, unsigned int, unsigned char*) - grid launch id 3 - grid size 1,1,1 - block size 256,1,1 - nregs 40 - shmem 4136 - cuda stream id 0[0m
   1        555261             0
[0;32m[+] GPUTrace[0m - TERMINATING CONTEXT 0x5f1fd773d670[0m
-------------- 2/10 --------------
[2025-10-29T21:02:27Z INFO  analyzer] Recorded trace path: /home/alan/Documents/Owl/example/crypt-examples/libgpucrypto/owl_results/0/fix/1/
------------------------------------------
AES-128-CBC ENC, Size: 1KB
------------------------------------------
#msg latency(usec) thruput(Mbps)
[0;32m[+] GPUTrace[0m - STARTING CONTEXT 0x5b3694d37670[0m
[0;32m[+] GPUTrace[0m - CTX 0x00005b3694d37670 - LAUNCH - Kernel pc 0x000074079f29b000 - Kernel name AES_cbc_128_encrypt_kernel_SharedMem(unsigned char const*, unsigned char*, unsigned int const*, unsigned char const*, unsigned char*, unsigned int, unsigned char*) - grid launch id 2 - grid size 1,1,1 - block size 256,1,1 - nregs 40 - shmem 4136 - cuda stream id 0[0m
[0;32m[+] GPUTrace[0m - CTX 0x00005b3694d37670 - LAUNCH - Kernel pc 0x000074079f29b000 - Kernel name AES_cbc_128_encrypt_kernel_SharedMem(unsigned char const*, unsigned char*, unsigned int const*, unsigned char const*, unsigned char*, unsigned int, unsigned char*) - grid launch id 3 - grid size 1,1,1 - block size 256,1,1 - nregs 40 - shmem 4136 - cuda stream id 0[0m
   1        522711             0
[0;32m[+] GPUTrace[0m - TERMINATING CONTEXT 0x5b3694d37670[0m
-------------- 3/10 --------------
[2025-10-29T21:02:32Z INFO  analyzer] Recorded trace path: /home/alan/Documents/Owl/example/crypt-examples/libgpucrypto/owl_results/0/fix/2/
------------------------------------------
AES-128-CBC ENC, Size: 1KB
------------------------------------------
#msg latency(usec) thruput(Mbps)
[0;32m[+] GPUTrace[0m - STARTING CONTEXT 0x63a53664f670[0m
[0;32m[+] GPUTrace[0m - CTX 0x000063a53664f670 - LAUNCH - Kernel pc 0x000077bfeb29b000 - Kernel name AES_cbc_128_encrypt_kernel_SharedMem(unsigned char const*, unsigned char*, unsigned int const*, unsigned char const*, unsigned char*, unsigned int, unsigned char*) - grid launch id 2 - grid size 1,1,1 - block size 256,1,1 - nregs 40 - shmem 4136 - cuda stream id 0[0m
[0;32m[+] GPUTrace[0m - CTX 0x000063a53664f670 - LAUNCH - Kernel pc 0x000077bfeb29b000 - Kernel name AES_cbc_128_encrypt_kernel_SharedMem(unsigned char const*, unsigned char*, unsigned int const*, unsigned char const*, unsigned char*, unsigned int, unsigned char*) - grid launch id 3 - grid size 1,1,1 - block size 256,1,1 - nregs 40 - shmem 4136 - cuda stream id 0[0m
   1        524720             0
[0;32m[+] GPUTrace[0m - TERMINATING CONTEXT 0x63a53664f670[0m
-------------- 4/10 --------------
[2025-10-29T21:02:37Z INFO  analyzer] Recorded trace path: /home/alan/Documents/Owl/example/crypt-examples/libgpucrypto/owl_results/0/fix/3/
------------------------------------------
AES-128-CBC ENC, Size: 1KB
------------------------------------------
#msg latency(usec) thruput(Mbps)
[0;32m[+] GPUTrace[0m - STARTING CONTEXT 0x601583be3670[0m
[0;32m[+] GPUTrace[0m - CTX 0x0000601583be3670 - LAUNCH - Kernel pc 0x0000750e8f29b000 - Kernel name AES_cbc_128_encrypt_kernel_SharedMem(unsigned char const*, unsigned char*, unsigned int const*, unsigned char const*, unsigned char*, unsigned int, unsigned char*) - grid launch id 2 - grid size 1,1,1 - block size 256,1,1 - nregs 40 - shmem 4136 - cuda stream id 0[0m
[0;32m[+] GPUTrace[0m - CTX 0x0000601583be3670 - LAUNCH - Kernel pc 0x0000750e8f29b000 - Kernel name AES_cbc_128_encrypt_kernel_SharedMem(unsigned char const*, unsigned char*, unsigned int const*, unsigned char const*, unsigned char*, unsigned int, unsigned char*) - grid launch id 3 - grid size 1,1,1 - block size 256,1,1 - nregs 40 - shmem 4136 - cuda stream id 0[0m
   1        528835             0
[0;32m[+] GPUTrace[0m - TERMINATING CONTEXT 0x601583be3670[0m
-------------- 5/10 --------------
[2025-10-29T21:02:42Z INFO  analyzer] Recorded trace path: /home/alan/Documents/Owl/example/crypt-examples/libgpucrypto/owl_results/0/fix/4/
------------------------------------------
AES-128-CBC ENC, Size: 1KB
------------------------------------------
#msg latency(usec) thruput(Mbps)
[0;32m[+] GPUTrace[0m - STARTING CONTEXT 0x5bc43e770670[0m
[0;32m[+] GPUTrace[0m - CTX 0x00005bc43e770670 - LAUNCH - Kernel pc 0x00007fcfb729b000 - Kernel name AES_cbc_128_encrypt_kernel_SharedMem(unsigned char const*, unsigned char*, unsigned int const*, unsigned char const*, unsigned char*, unsigned int, unsigned char*) - grid launch id 2 - grid size 1,1,1 - block size 256,1,1 - nregs 40 - shmem 4136 - cuda stream id 0[0m
[0;32m[+] GPUTrace[0m - CTX 0x00005bc43e770670 - LAUNCH - Kernel pc 0x00007fcfb729b000 - Kernel name AES_cbc_128_encrypt_kernel_SharedMem(unsigned char const*, unsigned char*, unsigned int const*, unsigned char const*, unsigned char*, unsigned int, unsigned char*) - grid launch id 3 - grid size 1,1,1 - block size 256,1,1 - nregs 40 - shmem 4136 - cuda stream id 0[0m
   1        521815             0
[0;32m[+] GPUTrace[0m - TERMINATING CONTEXT 0x5bc43e770670[0m
-------------- 6/10 --------------
[2025-10-29T21:02:47Z INFO  analyzer] Recorded trace path: /home/alan/Documents/Owl/example/crypt-examples/libgpucrypto/owl_results/0/fix/5/
------------------------------------------
AES-128-CBC ENC, Size: 1KB
------------------------------------------
#msg latency(usec) thruput(Mbps)
[0;32m[+] GPUTrace[0m - STARTING CONTEXT 0x59dfa7cd8670[0m
[0;32m[+] GPUTrace[0m - CTX 0x000059dfa7cd8670 - LAUNCH - Kernel pc 0x00007fec6529b000 - Kernel name AES_cbc_128_encrypt_kernel_SharedMem(unsigned char const*, unsigned char*, unsigned int const*, unsigned char const*, unsigned char*, unsigned int, unsigned char*) - grid launch id 2 - grid size 1,1,1 - block size 256,1,1 - nregs 40 - shmem 4136 - cuda stream id 0[0m
[0;32m[+] GPUTrace[0m - CTX 0x000059dfa7cd8670 - LAUNCH - Kernel pc 0x00007fec6529b000 - Kernel name AES_cbc_128_encrypt_kernel_SharedMem(unsigned char const*, unsigned char*, unsigned int const*, unsigned char const*, unsigned char*, unsigned int, unsigned char*) - grid launch id 3 - grid size 1,1,1 - block size 256,1,1 - nregs 40 - shmem 4136 - cuda stream id 0[0m
   1        528472             0
[0;32m[+] GPUTrace[0m - TERMINATING CONTEXT 0x59dfa7cd8670[0m
-------------- 7/10 --------------
[2025-10-29T21:02:52Z INFO  analyzer] Recorded trace path: /home/alan/Documents/Owl/example/crypt-examples/libgpucrypto/owl_results/0/fix/6/
------------------------------------------
AES-128-CBC ENC, Size: 1KB
------------------------------------------
#msg latency(usec) thruput(Mbps)
[0;32m[+] GPUTrace[0m - STARTING CONTEXT 0x608a96ded670[0m
[0;32m[+] GPUTrace[0m - CTX 0x0000608a96ded670 - LAUNCH - Kernel pc 0x000075097329b000 - Kernel name AES_cbc_128_encrypt_kernel_SharedMem(unsigned char const*, unsigned char*, unsigned int const*, unsigned char const*, unsigned char*, unsigned int, unsigned char*) - grid launch id 2 - grid size 1,1,1 - block size 256,1,1 - nregs 40 - shmem 4136 - cuda stream id 0[0m
[0;32m[+] GPUTrace[0m - CTX 0x0000608a96ded670 - LAUNCH - Kernel pc 0x000075097329b000 - Kernel name AES_cbc_128_encrypt_kernel_SharedMem(unsigned char const*, unsigned char*, unsigned int const*, unsigned char const*, unsigned char*, unsigned int, unsigned char*) - grid launch id 3 - grid size 1,1,1 - block size 256,1,1 - nregs 40 - shmem 4136 - cuda stream id 0[0m
   1        521151             0
[0;32m[+] GPUTrace[0m - TERMINATING CONTEXT 0x608a96ded670[0m
-------------- 8/10 --------------
[2025-10-29T21:02:57Z INFO  analyzer] Recorded trace path: /home/alan/Documents/Owl/example/crypt-examples/libgpucrypto/owl_results/0/fix/7/
------------------------------------------
AES-128-CBC ENC, Size: 1KB
------------------------------------------
#msg latency(usec) thruput(Mbps)
[0;32m[+] GPUTrace[0m - STARTING CONTEXT 0x640a90aea670[0m
[0;32m[+] GPUTrace[0m - CTX 0x0000640a90aea670 - LAUNCH - Kernel pc 0x000075420f29b000 - Kernel name AES_cbc_128_encrypt_kernel_SharedMem(unsigned char const*, unsigned char*, unsigned int const*, unsigned char const*, unsigned char*, unsigned int, unsigned char*) - grid launch id 2 - grid size 1,1,1 - block size 256,1,1 - nregs 40 - shmem 4136 - cuda stream id 0[0m
[0;32m[+] GPUTrace[0m - CTX 0x0000640a90aea670 - LAUNCH - Kernel pc 0x000075420f29b000 - Kernel name AES_cbc_128_encrypt_kernel_SharedMem(unsigned char const*, unsigned char*, unsigned int const*, unsigned char const*, unsigned char*, unsigned int, unsigned char*) - grid launch id 3 - grid size 1,1,1 - block size 256,1,1 - nregs 40 - shmem 4136 - cuda stream id 0[0m
   1        521440             0
[0;32m[+] GPUTrace[0m - TERMINATING CONTEXT 0x640a90aea670[0m
-------------- 9/10 --------------
[2025-10-29T21:03:02Z INFO  analyzer] Recorded trace path: /home/alan/Documents/Owl/example/crypt-examples/libgpucrypto/owl_results/0/fix/8/
------------------------------------------
AES-128-CBC ENC, Size: 1KB
------------------------------------------
#msg latency(usec) thruput(Mbps)
[0;32m[+] GPUTrace[0m - STARTING CONTEXT 0x589085d2d670[0m
[0;32m[+] GPUTrace[0m - CTX 0x0000589085d2d670 - LAUNCH - Kernel pc 0x00007ff68b29b000 - Kernel name AES_cbc_128_encrypt_kernel_SharedMem(unsigned char const*, unsigned char*, unsigned int const*, unsigned char const*, unsigned char*, unsigned int, unsigned char*) - grid launch id 2 - grid size 1,1,1 - block size 256,1,1 - nregs 40 - shmem 4136 - cuda stream id 0[0m
[0;32m[+] GPUTrace[0m - CTX 0x0000589085d2d670 - LAUNCH - Kernel pc 0x00007ff68b29b000 - Kernel name AES_cbc_128_encrypt_kernel_SharedMem(unsigned char const*, unsigned char*, unsigned int const*, unsigned char const*, unsigned char*, unsigned int, unsigned char*) - grid launch id 3 - grid size 1,1,1 - block size 256,1,1 - nregs 40 - shmem 4136 - cuda stream id 0[0m
   1        525106             0
[0;32m[+] GPUTrace[0m - TERMINATING CONTEXT 0x589085d2d670[0m
-------------- 10/10 --------------
[2025-10-29T21:03:07Z INFO  analyzer] Recorded trace path: /home/alan/Documents/Owl/example/crypt-examples/libgpucrypto/owl_results/0/fix/9/
------------------------------------------
AES-128-CBC ENC, Size: 1KB
------------------------------------------
#msg latency(usec) thruput(Mbps)
[0;32m[+] GPUTrace[0m - STARTING CONTEXT 0x64d3f02ea670[0m
[0;32m[+] GPUTrace[0m - CTX 0x000064d3f02ea670 - LAUNCH - Kernel pc 0x000071945929b000 - Kernel name AES_cbc_128_encrypt_kernel_SharedMem(unsigned char const*, unsigned char*, unsigned int const*, unsigned char const*, unsigned char*, unsigned int, unsigned char*) - grid launch id 2 - grid size 1,1,1 - block size 256,1,1 - nregs 40 - shmem 4136 - cuda stream id 0[0m
[0;32m[+] GPUTrace[0m - CTX 0x000064d3f02ea670 - LAUNCH - Kernel pc 0x000071945929b000 - Kernel name AES_cbc_128_encrypt_kernel_SharedMem(unsigned char const*, unsigned char*, unsigned int const*, unsigned char const*, unsigned char*, unsigned int, unsigned char*) - grid launch id 3 - grid size 1,1,1 - block size 256,1,1 - nregs 40 - shmem 4136 - cuda stream id 0[0m
   1        524125             0
[0;32m[+] GPUTrace[0m - TERMINATING CONTEXT 0x64d3f02ea670[0m
[2025-10-29T21:03:12Z INFO  analyzer] collect rand input traces
[2025-10-29T21:03:12Z INFO  analyzer] run 10 times
-------------- 1/10 --------------
[2025-10-29T21:03:12Z INFO  analyzer] Recorded trace path: /home/alan/Documents/Owl/example/crypt-examples/libgpucrypto/owl_results/0/rnd/0/
------------------------------------------
AES-128-CBC ENC, Size: 1KB
------------------------------------------
#msg latency(usec) thruput(Mbps)
[0;32m[+] GPUTrace[0m - STARTING CONTEXT 0x64a1bf8aa670[0m
[0;32m[+] GPUTrace[0m - CTX 0x000064a1bf8aa670 - LAUNCH - Kernel pc 0x000077b1f729b000 - Kernel name AES_cbc_128_encrypt_kernel_SharedMem(unsigned char const*, unsigned char*, unsigned int const*, unsigned char const*, unsigned char*, unsigned int, unsigned char*) - grid launch id 2 - grid size 1,1,1 - block size 256,1,1 - nregs 40 - shmem 4136 - cuda stream id 0[0m
[0;32m[+] GPUTrace[0m - CTX 0x000064a1bf8aa670 - LAUNCH - Kernel pc 0x000077b1f729b000 - Kernel name AES_cbc_128_encrypt_kernel_SharedMem(unsigned char const*, unsigned char*, unsigned int const*, unsigned char const*, unsigned char*, unsigned int, unsigned char*) - grid launch id 3 - grid size 1,1,1 - block size 256,1,1 - nregs 40 - shmem 4136 - cuda stream id 0[0m
   1        526469             0
[0;32m[+] GPUTrace[0m - TERMINATING CONTEXT 0x64a1bf8aa670[0m
-------------- 2/10 --------------
[2025-10-29T21:03:17Z INFO  analyzer] Recorded trace path: /home/alan/Documents/Owl/example/crypt-examples/libgpucrypto/owl_results/0/rnd/1/
------------------------------------------
AES-128-CBC ENC, Size: 1KB
------------------------------------------
#msg latency(usec) thruput(Mbps)
[0;32m[+] GPUTrace[0m - STARTING CONTEXT 0x5ce2b1c9b670[0m
[0;32m[+] GPUTrace[0m - CTX 0x00005ce2b1c9b670 - LAUNCH - Kernel pc 0x000073643329b000 - Kernel name AES_cbc_128_encrypt_kernel_SharedMem(unsigned char const*, unsigned char*, unsigned int const*, unsigned char const*, unsigned char*, unsigned int, unsigned char*) - grid launch id 2 - grid size 1,1,1 - block size 256,1,1 - nregs 40 - shmem 4136 - cuda stream id 0[0m
[0;32m[+] GPUTrace[0m - CTX 0x00005ce2b1c9b670 - LAUNCH - Kernel pc 0x000073643329b000 - Kernel name AES_cbc_128_encrypt_kernel_SharedMem(unsigned char const*, unsigned char*, unsigned int const*, unsigned char const*, unsigned char*, unsigned int, unsigned char*) - grid launch id 3 - grid size 1,1,1 - block size 256,1,1 - nregs 40 - shmem 4136 - cuda stream id 0[0m
   1        530016             0
[0;32m[+] GPUTrace[0m - TERMINATING CONTEXT 0x5ce2b1c9b670[0m
-------------- 3/10 --------------
[2025-10-29T21:03:22Z INFO  analyzer] Recorded trace path: /home/alan/Documents/Owl/example/crypt-examples/libgpucrypto/owl_results/0/rnd/2/
------------------------------------------
AES-128-CBC ENC, Size: 1KB
------------------------------------------
#msg latency(usec) thruput(Mbps)
[0;32m[+] GPUTrace[0m - STARTING CONTEXT 0x646870c7b670[0m
[0;32m[+] GPUTrace[0m - CTX 0x0000646870c7b670 - LAUNCH - Kernel pc 0x0000777bd329b000 - Kernel name AES_cbc_128_encrypt_kernel_SharedMem(unsigned char const*, unsigned char*, unsigned int const*, unsigned char const*, unsigned char*, unsigned int, unsigned char*) - grid launch id 2 - grid size 1,1,1 - block size 256,1,1 - nregs 40 - shmem 4136 - cuda stream id 0[0m
[0;32m[+] GPUTrace[0m - CTX 0x0000646870c7b670 - LAUNCH - Kernel pc 0x0000777bd329b000 - Kernel name AES_cbc_128_encrypt_kernel_SharedMem(unsigned char const*, unsigned char*, unsigned int const*, unsigned char const*, unsigned char*, unsigned int, unsigned char*) - grid launch id 3 - grid size 1,1,1 - block size 256,1,1 - nregs 40 - shmem 4136 - cuda stream id 0[0m
   1        524463             0
[0;32m[+] GPUTrace[0m - TERMINATING CONTEXT 0x646870c7b670[0m
-------------- 4/10 --------------
[2025-10-29T21:03:27Z INFO  analyzer] Recorded trace path: /home/alan/Documents/Owl/example/crypt-examples/libgpucrypto/owl_results/0/rnd/3/
------------------------------------------
AES-128-CBC ENC, Size: 1KB
------------------------------------------
#msg latency(usec) thruput(Mbps)
[0;32m[+] GPUTrace[0m - STARTING CONTEXT 0x5ec92d5ab670[0m
[0;32m[+] GPUTrace[0m - CTX 0x00005ec92d5ab670 - LAUNCH - Kernel pc 0x00007d425f29b000 - Kernel name AES_cbc_128_encrypt_kernel_SharedMem(unsigned char const*, unsigned char*, unsigned int const*, unsigned char const*, unsigned char*, unsigned int, unsigned char*) - grid launch id 2 - grid size 1,1,1 - block size 256,1,1 - nregs 40 - shmem 4136 - cuda stream id 0[0m
[0;32m[+] GPUTrace[0m - CTX 0x00005ec92d5ab670 - LAUNCH - Kernel pc 0x00007d425f29b000 - Kernel name AES_cbc_128_encrypt_kernel_SharedMem(unsigned char const*, unsigned char*, unsigned int const*, unsigned char const*, unsigned char*, unsigned int, unsigned char*) - grid launch id 3 - grid size 1,1,1 - block size 256,1,1 - nregs 40 - shmem 4136 - cuda stream id 0[0m
   1        528639             0
[0;32m[+] GPUTrace[0m - TERMINATING CONTEXT 0x5ec92d5ab670[0m
-------------- 5/10 --------------
[2025-10-29T21:03:32Z INFO  analyzer] Recorded trace path: /home/alan/Documents/Owl/example/crypt-examples/libgpucrypto/owl_results/0/rnd/4/
------------------------------------------
AES-128-CBC ENC, Size: 1KB
------------------------------------------
#msg latency(usec) thruput(Mbps)
[0;32m[+] GPUTrace[0m - STARTING CONTEXT 0x5cc11b978670[0m
[0;32m[+] GPUTrace[0m - CTX 0x00005cc11b978670 - LAUNCH - Kernel pc 0x000079929929b000 - Kernel name AES_cbc_128_encrypt_kernel_SharedMem(unsigned char const*, unsigned char*, unsigned int const*, unsigned char const*, unsigned char*, unsigned int, unsigned char*) - grid launch id 2 - grid size 1,1,1 - block size 256,1,1 - nregs 40 - shmem 4136 - cuda stream id 0[0m
[0;32m[+] GPUTrace[0m - CTX 0x00005cc11b978670 - LAUNCH - Kernel pc 0x000079929929b000 - Kernel name AES_cbc_128_encrypt_kernel_SharedMem(unsigned char const*, unsigned char*, unsigned int const*, unsigned char const*, unsigned char*, unsigned int, unsigned char*) - grid launch id 3 - grid size 1,1,1 - block size 256,1,1 - nregs 40 - shmem 4136 - cuda stream id 0[0m
   1        522502             0
[0;32m[+] GPUTrace[0m - TERMINATING CONTEXT 0x5cc11b978670[0m
-------------- 6/10 --------------
[2025-10-29T21:03:37Z INFO  analyzer] Recorded trace path: /home/alan/Documents/Owl/example/crypt-examples/libgpucrypto/owl_results/0/rnd/5/
------------------------------------------
AES-128-CBC ENC, Size: 1KB
------------------------------------------
#msg latency(usec) thruput(Mbps)
[0;32m[+] GPUTrace[0m - STARTING CONTEXT 0x5e53c7e1e670[0m
[0;32m[+] GPUTrace[0m - CTX 0x00005e53c7e1e670 - LAUNCH - Kernel pc 0x000073c1d129b000 - Kernel name AES_cbc_128_encrypt_kernel_SharedMem(unsigned char const*, unsigned char*, unsigned int const*, unsigned char const*, unsigned char*, unsigned int, unsigned char*) - grid launch id 2 - grid size 1,1,1 - block size 256,1,1 - nregs 40 - shmem 4136 - cuda stream id 0[0m
[0;32m[+] GPUTrace[0m - CTX 0x00005e53c7e1e670 - LAUNCH - Kernel pc 0x000073c1d129b000 - Kernel name AES_cbc_128_encrypt_kernel_SharedMem(unsigned char const*, unsigned char*, unsigned int const*, unsigned char const*, unsigned char*, unsigned int, unsigned char*) - grid launch id 3 - grid size 1,1,1 - block size 256,1,1 - nregs 40 - shmem 4136 - cuda stream id 0[0m
   1        522577             0
[0;32m[+] GPUTrace[0m - TERMINATING CONTEXT 0x5e53c7e1e670[0m
-------------- 7/10 --------------
[2025-10-29T21:03:42Z INFO  analyzer] Recorded trace path: /home/alan/Documents/Owl/example/crypt-examples/libgpucrypto/owl_results/0/rnd/6/
------------------------------------------
AES-128-CBC ENC, Size: 1KB
------------------------------------------
#msg latency(usec) thruput(Mbps)
[0;32m[+] GPUTrace[0m - STARTING CONTEXT 0x619c84a8c670[0m
[0;32m[+] GPUTrace[0m - CTX 0x0000619c84a8c670 - LAUNCH - Kernel pc 0x00007d559329b000 - Kernel name AES_cbc_128_encrypt_kernel_SharedMem(unsigned char const*, unsigned char*, unsigned int const*, unsigned char const*, unsigned char*, unsigned int, unsigned char*) - grid launch id 2 - grid size 1,1,1 - block size 256,1,1 - nregs 40 - shmem 4136 - cuda stream id 0[0m
[0;32m[+] GPUTrace[0m - CTX 0x0000619c84a8c670 - LAUNCH - Kernel pc 0x00007d559329b000 - Kernel name AES_cbc_128_encrypt_kernel_SharedMem(unsigned char const*, unsigned char*, unsigned int const*, unsigned char const*, unsigned char*, unsigned int, unsigned char*) - grid launch id 3 - grid size 1,1,1 - block size 256,1,1 - nregs 40 - shmem 4136 - cuda stream id 0[0m
   1        525024             0
[0;32m[+] GPUTrace[0m - TERMINATING CONTEXT 0x619c84a8c670[0m
-------------- 8/10 --------------
[2025-10-29T21:03:47Z INFO  analyzer] Recorded trace path: /home/alan/Documents/Owl/example/crypt-examples/libgpucrypto/owl_results/0/rnd/7/
------------------------------------------
AES-128-CBC ENC, Size: 1KB
------------------------------------------
#msg latency(usec) thruput(Mbps)
[0;32m[+] GPUTrace[0m - STARTING CONTEXT 0x5cce7d39e670[0m
[0;32m[+] GPUTrace[0m - CTX 0x00005cce7d39e670 - LAUNCH - Kernel pc 0x00007d88a929b000 - Kernel name AES_cbc_128_encrypt_kernel_SharedMem(unsigned char const*, unsigned char*, unsigned int const*, unsigned char const*, unsigned char*, unsigned int, unsigned char*) - grid launch id 2 - grid size 1,1,1 - block size 256,1,1 - nregs 40 - shmem 4136 - cuda stream id 0[0m
[0;32m[+] GPUTrace[0m - CTX 0x00005cce7d39e670 - LAUNCH - Kernel pc 0x00007d88a929b000 - Kernel name AES_cbc_128_encrypt_kernel_SharedMem(unsigned char const*, unsigned char*, unsigned int const*, unsigned char const*, unsigned char*, unsigned int, unsigned char*) - grid launch id 3 - grid size 1,1,1 - block size 256,1,1 - nregs 40 - shmem 4136 - cuda stream id 0[0m
   1        528529             0
[0;32m[+] GPUTrace[0m - TERMINATING CONTEXT 0x5cce7d39e670[0m
-------------- 9/10 --------------
[2025-10-29T21:03:52Z INFO  analyzer] Recorded trace path: /home/alan/Documents/Owl/example/crypt-examples/libgpucrypto/owl_results/0/rnd/8/
------------------------------------------
AES-128-CBC ENC, Size: 1KB
------------------------------------------
#msg latency(usec) thruput(Mbps)
[0;32m[+] GPUTrace[0m - STARTING CONTEXT 0x5634d9a7f670[0m
[0;32m[+] GPUTrace[0m - CTX 0x00005634d9a7f670 - LAUNCH - Kernel pc 0x00007dfafb29b000 - Kernel name AES_cbc_128_encrypt_kernel_SharedMem(unsigned char const*, unsigned char*, unsigned int const*, unsigned char const*, unsigned char*, unsigned int, unsigned char*) - grid launch id 2 - grid size 1,1,1 - block size 256,1,1 - nregs 40 - shmem 4136 - cuda stream id 0[0m
[0;32m[+] GPUTrace[0m - CTX 0x00005634d9a7f670 - LAUNCH - Kernel pc 0x00007dfafb29b000 - Kernel name AES_cbc_128_encrypt_kernel_SharedMem(unsigned char const*, unsigned char*, unsigned int const*, unsigned char const*, unsigned char*, unsigned int, unsigned char*) - grid launch id 3 - grid size 1,1,1 - block size 256,1,1 - nregs 40 - shmem 4136 - cuda stream id 0[0m
   1        524537             0
[0;32m[+] GPUTrace[0m - TERMINATING CONTEXT 0x5634d9a7f670[0m
-------------- 10/10 --------------
[2025-10-29T21:03:57Z INFO  analyzer] Recorded trace path: /home/alan/Documents/Owl/example/crypt-examples/libgpucrypto/owl_results/0/rnd/9/
------------------------------------------
AES-128-CBC ENC, Size: 1KB
------------------------------------------
#msg latency(usec) thruput(Mbps)
[0;32m[+] GPUTrace[0m - STARTING CONTEXT 0x5891f9776670[0m
[0;32m[+] GPUTrace[0m - CTX 0x00005891f9776670 - LAUNCH - Kernel pc 0x0000717cbf29b000 - Kernel name AES_cbc_128_encrypt_kernel_SharedMem(unsigned char const*, unsigned char*, unsigned int const*, unsigned char const*, unsigned char*, unsigned int, unsigned char*) - grid launch id 2 - grid size 1,1,1 - block size 256,1,1 - nregs 40 - shmem 4136 - cuda stream id 0[0m
[0;32m[+] GPUTrace[0m - CTX 0x00005891f9776670 - LAUNCH - Kernel pc 0x0000717cbf29b000 - Kernel name AES_cbc_128_encrypt_kernel_SharedMem(unsigned char const*, unsigned char*, unsigned int const*, unsigned char const*, unsigned char*, unsigned int, unsigned char*) - grid launch id 3 - grid size 1,1,1 - block size 256,1,1 - nregs 40 - shmem 4136 - cuda stream id 0[0m
   1        524061             0
[0;32m[+] GPUTrace[0m - TERMINATING CONTEXT 0x5891f9776670[0m
[2025-10-29T21:04:02Z INFO  analyzer] Testing
[2025-10-29T21:04:02Z INFO  analyzer::memory] Generating CDF plot for instruction 0x890 operand 0 (p=0.014893)
[2025-10-29T21:04:02Z INFO  analyzer::plot] CDF plot saved to: owl_cdf_plots/instr_0x890_operand_0_p0.014893.png
[2025-10-29T21:04:02Z INFO  analyzer::plot]   Fixed total accesses: 10
[2025-10-29T21:04:02Z INFO  analyzer::plot]   Random total accesses: 10
[2025-10-29T21:04:02Z INFO  analyzer::plot]   Maximum CDF difference: 0.7000
[2025-10-29T21:04:02Z INFO  analyzer::memory] Generating CDF plot for instruction 0x890 operand 1 (p=0.014893)
[2025-10-29T21:04:02Z INFO  analyzer::plot] CDF plot saved to: owl_cdf_plots/instr_0x890_operand_1_p0.014893.png
[2025-10-29T21:04:02Z INFO  analyzer::plot]   Fixed total accesses: 10
[2025-10-29T21:04:02Z INFO  analyzer::plot]   Random total accesses: 10
[2025-10-29T21:04:02Z INFO  analyzer::plot]   Maximum CDF difference: 0.7000
[2025-10-29T21:04:02Z INFO  analyzer::memory] Generating CDF plot for instruction 0x890 operand 2 (p=0.014893)
[2025-10-29T21:04:02Z INFO  analyzer::plot] CDF plot saved to: owl_cdf_plots/instr_0x890_operand_2_p0.014893.png
[2025-10-29T21:04:02Z INFO  analyzer::plot]   Fixed total accesses: 10
[2025-10-29T21:04:02Z INFO  analyzer::plot]   Random total accesses: 10
[2025-10-29T21:04:02Z INFO  analyzer::plot]   Maximum CDF difference: 0.7000
[2025-10-29T21:04:02Z INFO  analyzer::memory] Generating CDF plot for instruction 0x890 operand 3 (p=0.014893)
[2025-10-29T21:04:02Z INFO  analyzer::plot] CDF plot saved to: owl_cdf_plots/instr_0x890_operand_3_p0.014893.png
[2025-10-29T21:04:02Z INFO  analyzer::plot]   Fixed total accesses: 10
[2025-10-29T21:04:02Z INFO  analyzer::plot]   Random total accesses: 10
[2025-10-29T21:04:02Z INFO  analyzer::plot]   Maximum CDF difference: 0.7000
[2025-10-29T21:04:02Z INFO  analyzer::memory] Generating CDF plot for instruction 0x890 operand 4 (p=0.014893)
[2025-10-29T21:04:02Z INFO  analyzer::plot] CDF plot saved to: owl_cdf_plots/instr_0x890_operand_4_p0.014893.png
[2025-10-29T21:04:02Z INFO  analyzer::plot]   Fixed total accesses: 10
[2025-10-29T21:04:02Z INFO  analyzer::plot]   Random total accesses: 10
[2025-10-29T21:04:02Z INFO  analyzer::plot]   Maximum CDF difference: 0.7000
[2025-10-29T21:04:02Z INFO  analyzer::memory] Generating CDF plot for instruction 0xa50 operand 0 (p=0.000607)
[2025-10-29T21:04:02Z INFO  analyzer::plot] CDF plot saved to: owl_cdf_plots/instr_0xa50_operand_0_p0.000607.png
[2025-10-29T21:04:02Z INFO  analyzer::plot]   Fixed total accesses: 10
[2025-10-29T21:04:02Z INFO  analyzer::plot]   Random total accesses: 10
[2025-10-29T21:04:02Z INFO  analyzer::plot]   Maximum CDF difference: 0.9000
[2025-10-29T21:04:02Z INFO  analyzer::memory] Generating CDF plot for instruction 0xa50 operand 1 (p=0.000607)
[2025-10-29T21:04:02Z INFO  analyzer::plot] CDF plot saved to: owl_cdf_plots/instr_0xa50_operand_1_p0.000607.png
[2025-10-29T21:04:02Z INFO  analyzer::plot]   Fixed total accesses: 10
[2025-10-29T21:04:02Z INFO  analyzer::plot]   Random total accesses: 10
[2025-10-29T21:04:02Z INFO  analyzer::plot]   Maximum CDF difference: 0.9000
[2025-10-29T21:04:02Z INFO  analyzer::memory] Generating CDF plot for instruction 0xa50 operand 2 (p=0.000607)
[2025-10-29T21:04:02Z INFO  analyzer::plot] CDF plot saved to: owl_cdf_plots/instr_0xa50_operand_2_p0.000607.png
[2025-10-29T21:04:02Z INFO  analyzer::plot]   Fixed total accesses: 10
[2025-10-29T21:04:02Z INFO  analyzer::plot]   Random total accesses: 10
[2025-10-29T21:04:02Z INFO  analyzer::plot]   Maximum CDF difference: 0.9000
[2025-10-29T21:04:02Z INFO  analyzer::memory] Generating CDF plot for instruction 0xa50 operand 3 (p=0.000607)
[2025-10-29T21:04:02Z INFO  analyzer::plot] CDF plot saved to: owl_cdf_plots/instr_0xa50_operand_3_p0.000607.png
[2025-10-29T21:04:02Z INFO  analyzer::plot]   Fixed total accesses: 10
[2025-10-29T21:04:02Z INFO  analyzer::plot]   Random total accesses: 10
[2025-10-29T21:04:02Z INFO  analyzer::plot]   Maximum CDF difference: 0.9000
[2025-10-29T21:04:02Z INFO  analyzer::memory] Generating CDF plot for instruction 0xa50 operand 4 (p=0.000607)
[2025-10-29T21:04:02Z INFO  analyzer::plot] CDF plot saved to: owl_cdf_plots/instr_0xa50_operand_4_p0.000607.png
[2025-10-29T21:04:02Z INFO  analyzer::plot]   Fixed total accesses: 10
[2025-10-29T21:04:02Z INFO  analyzer::plot]   Random total accesses: 10
[2025-10-29T21:04:02Z INFO  analyzer::plot]   Maximum CDF difference: 0.9000
[2025-10-29T21:04:02Z INFO  analyzer::memory] Generating CDF plot for instruction 0xa80 operand 36 (p=0.014893)
[2025-10-29T21:04:02Z INFO  analyzer::plot] CDF plot saved to: owl_cdf_plots/instr_0xa80_operand_36_p0.014893.png
[2025-10-29T21:04:02Z INFO  analyzer::plot]   Fixed total accesses: 10
[2025-10-29T21:04:02Z INFO  analyzer::plot]   Random total accesses: 10
[2025-10-29T21:04:02Z INFO  analyzer::plot]   Maximum CDF difference: 0.7000
[2025-10-29T21:04:02Z INFO  analyzer::memory] Generating CDF plot for instruction 0xaa0 operand 23 (p=0.014893)
[2025-10-29T21:04:02Z INFO  analyzer::plot] CDF plot saved to: owl_cdf_plots/instr_0xaa0_operand_23_p0.014893.png
[2025-10-29T21:04:02Z INFO  analyzer::plot]   Fixed total accesses: 10
[2025-10-29T21:04:02Z INFO  analyzer::plot]   Random total accesses: 10
[2025-10-29T21:04:02Z INFO  analyzer::plot]   Maximum CDF difference: 0.7000
[2025-10-29T21:04:02Z INFO  analyzer::memory] Generating CDF plot for instruction 0xaa0 operand 56 (p=0.014893)
[2025-10-29T21:04:02Z INFO  analyzer::plot] CDF plot saved to: owl_cdf_plots/instr_0xaa0_operand_56_p0.014893.png
[2025-10-29T21:04:02Z INFO  analyzer::plot]   Fixed total accesses: 10
[2025-10-29T21:04:02Z INFO  analyzer::plot]   Random total accesses: 10
[2025-10-29T21:04:02Z INFO  analyzer::plot]   Maximum CDF difference: 0.7000
[2025-10-29T21:04:02Z INFO  analyzer::memory] Generating CDF plot for instruction 0xae0 operand 5 (p=0.014893)
[2025-10-29T21:04:02Z INFO  analyzer::plot] CDF plot saved to: owl_cdf_plots/instr_0xae0_operand_5_p0.014893.png
[2025-10-29T21:04:02Z INFO  analyzer::plot]   Fixed total accesses: 10
[2025-10-29T21:04:02Z INFO  analyzer::plot]   Random total accesses: 10
[2025-10-29T21:04:02Z INFO  analyzer::plot]   Maximum CDF difference: 0.7000
[2025-10-29T21:04:02Z INFO  analyzer::memory] Generating CDF plot for instruction 0xae0 operand 28 (p=0.014893)
[2025-10-29T21:04:02Z INFO  analyzer::plot] CDF plot saved to: owl_cdf_plots/instr_0xae0_operand_28_p0.014893.png
[2025-10-29T21:04:02Z INFO  analyzer::plot]   Fixed total accesses: 10
[2025-10-29T21:04:02Z INFO  analyzer::plot]   Random total accesses: 10
[2025-10-29T21:04:02Z INFO  analyzer::plot]   Maximum CDF difference: 0.7000
[2025-10-29T21:04:02Z INFO  analyzer::memory] Generating CDF plot for instruction 0xba0 operand 7 (p=0.014893)
[2025-10-29T21:04:02Z INFO  analyzer::plot] CDF plot saved to: owl_cdf_plots/instr_0xba0_operand_7_p0.014893.png
[2025-10-29T21:04:02Z INFO  analyzer::plot]   Fixed total accesses: 10
[2025-10-29T21:04:02Z INFO  analyzer::plot]   Random total accesses: 10
[2025-10-29T21:04:02Z INFO  analyzer::plot]   Maximum CDF difference: 0.7000
[2025-10-29T21:04:02Z INFO  analyzer::memory] Generating CDF plot for instruction 0xba0 operand 13 (p=0.014893)
[2025-10-29T21:04:02Z INFO  analyzer::plot] CDF plot saved to: owl_cdf_plots/instr_0xba0_operand_13_p0.014893.png
[2025-10-29T21:04:02Z INFO  analyzer::plot]   Fixed total accesses: 10
[2025-10-29T21:04:02Z INFO  analyzer::plot]   Random total accesses: 10
[2025-10-29T21:04:02Z INFO  analyzer::plot]   Maximum CDF difference: 0.7000
[2025-10-29T21:04:02Z INFO  analyzer::memory] Generating CDF plot for instruction 0xc30 operand 32 (p=0.014893)
[2025-10-29T21:04:02Z INFO  analyzer::plot] CDF plot saved to: owl_cdf_plots/instr_0xc30_operand_32_p0.014893.png
[2025-10-29T21:04:02Z INFO  analyzer::plot]   Fixed total accesses: 10
[2025-10-29T21:04:02Z INFO  analyzer::plot]   Random total accesses: 10
[2025-10-29T21:04:02Z INFO  analyzer::plot]   Maximum CDF difference: 0.7000
[2025-10-29T21:04:02Z INFO  analyzer::memory] Generating CDF plot for instruction 0xd10 operand 50 (p=0.003323)
[2025-10-29T21:04:02Z INFO  analyzer::plot] CDF plot saved to: owl_cdf_plots/instr_0xd10_operand_50_p0.003323.png
[2025-10-29T21:04:02Z INFO  analyzer::plot]   Fixed total accesses: 10
[2025-10-29T21:04:02Z INFO  analyzer::plot]   Random total accesses: 10
[2025-10-29T21:04:02Z INFO  analyzer::plot]   Maximum CDF difference: 0.8000
[2025-10-29T21:04:02Z INFO  analyzer::memory] Generating CDF plot for instruction 0xd70 operand 0 (p=0.000091)
[2025-10-29T21:04:02Z INFO  analyzer::plot] CDF plot saved to: owl_cdf_plots/instr_0xd70_operand_0_p0.000091.png
[2025-10-29T21:04:02Z INFO  analyzer::plot]   Fixed total accesses: 10
[2025-10-29T21:04:02Z INFO  analyzer::plot]   Random total accesses: 10
[2025-10-29T21:04:02Z INFO  analyzer::plot]   Maximum CDF difference: 1.0000
[2025-10-29T21:04:02Z INFO  analyzer::memory] Generating CDF plot for instruction 0xd70 operand 1 (p=0.000091)
[2025-10-29T21:04:02Z INFO  analyzer::plot] CDF plot saved to: owl_cdf_plots/instr_0xd70_operand_1_p0.000091.png
[2025-10-29T21:04:02Z INFO  analyzer::plot]   Fixed total accesses: 10
[2025-10-29T21:04:02Z INFO  analyzer::plot]   Random total accesses: 10
[2025-10-29T21:04:02Z INFO  analyzer::plot]   Maximum CDF difference: 1.0000
[2025-10-29T21:04:02Z INFO  analyzer::memory] Generating CDF plot for instruction 0xd70 operand 2 (p=0.000091)
[2025-10-29T21:04:02Z INFO  analyzer::plot] CDF plot saved to: owl_cdf_plots/instr_0xd70_operand_2_p0.000091.png
[2025-10-29T21:04:02Z INFO  analyzer::plot]   Fixed total accesses: 10
[2025-10-29T21:04:02Z INFO  analyzer::plot]   Random total accesses: 10
[2025-10-29T21:04:02Z INFO  analyzer::plot]   Maximum CDF difference: 1.0000
[2025-10-29T21:04:02Z INFO  analyzer::memory] Generating CDF plot for instruction 0xd70 operand 3 (p=0.000091)
[2025-10-29T21:04:02Z INFO  analyzer::plot] CDF plot saved to: owl_cdf_plots/instr_0xd70_operand_3_p0.000091.png
[2025-10-29T21:04:02Z INFO  analyzer::plot]   Fixed total accesses: 10
[2025-10-29T21:04:02Z INFO  analyzer::plot]   Random total accesses: 10
[2025-10-29T21:04:02Z INFO  analyzer::plot]   Maximum CDF difference: 1.0000
[2025-10-29T21:04:02Z INFO  analyzer::memory] Generating CDF plot for instruction 0xd70 operand 4 (p=0.000091)
[2025-10-29T21:04:02Z INFO  analyzer::plot] CDF plot saved to: owl_cdf_plots/instr_0xd70_operand_4_p0.000091.png
[2025-10-29T21:04:02Z INFO  analyzer::plot]   Fixed total accesses: 10
[2025-10-29T21:04:02Z INFO  analyzer::plot]   Random total accesses: 10
[2025-10-29T21:04:02Z INFO  analyzer::plot]   Maximum CDF difference: 1.0000
[2025-10-29T21:04:02Z INFO  analyzer::memory] Generating CDF plot for instruction 0xe10 operand 0 (p=0.014893)
[2025-10-29T21:04:02Z INFO  analyzer::plot] CDF plot saved to: owl_cdf_plots/instr_0xe10_operand_0_p0.014893.png
[2025-10-29T21:04:02Z INFO  analyzer::plot]   Fixed total accesses: 10
[2025-10-29T21:04:02Z INFO  analyzer::plot]   Random total accesses: 10
[2025-10-29T21:04:02Z INFO  analyzer::plot]   Maximum CDF difference: 0.7000
[2025-10-29T21:04:02Z INFO  analyzer::memory] Generating CDF plot for instruction 0xe10 operand 1 (p=0.014893)
[2025-10-29T21:04:02Z INFO  analyzer::plot] CDF plot saved to: owl_cdf_plots/instr_0xe10_operand_1_p0.014893.png
[2025-10-29T21:04:02Z INFO  analyzer::plot]   Fixed total accesses: 10
[2025-10-29T21:04:02Z INFO  analyzer::plot]   Random total accesses: 10
[2025-10-29T21:04:02Z INFO  analyzer::plot]   Maximum CDF difference: 0.7000
[2025-10-29T21:04:02Z INFO  analyzer::memory] Generating CDF plot for instruction 0xe10 operand 2 (p=0.014893)
[2025-10-29T21:04:02Z INFO  analyzer::plot] CDF plot saved to: owl_cdf_plots/instr_0xe10_operand_2_p0.014893.png
[2025-10-29T21:04:02Z INFO  analyzer::plot]   Fixed total accesses: 10
[2025-10-29T21:04:02Z INFO  analyzer::plot]   Random total accesses: 10
[2025-10-29T21:04:02Z INFO  analyzer::plot]   Maximum CDF difference: 0.7000
[2025-10-29T21:04:02Z INFO  analyzer::memory] Generating CDF plot for instruction 0xe10 operand 3 (p=0.014893)
[2025-10-29T21:04:02Z INFO  analyzer::plot] CDF plot saved to: owl_cdf_plots/instr_0xe10_operand_3_p0.014893.png
[2025-10-29T21:04:02Z INFO  analyzer::plot]   Fixed total accesses: 10
[2025-10-29T21:04:02Z INFO  analyzer::plot]   Random total accesses: 10
[2025-10-29T21:04:02Z INFO  analyzer::plot]   Maximum CDF difference: 0.7000
[2025-10-29T21:04:02Z INFO  analyzer::memory] Generating CDF plot for instruction 0xe10 operand 4 (p=0.014893)
[2025-10-29T21:04:02Z INFO  analyzer::plot] CDF plot saved to: owl_cdf_plots/instr_0xe10_operand_4_p0.014893.png
[2025-10-29T21:04:02Z INFO  analyzer::plot]   Fixed total accesses: 10
[2025-10-29T21:04:02Z INFO  analyzer::plot]   Random total accesses: 10
[2025-10-29T21:04:02Z INFO  analyzer::plot]   Maximum CDF difference: 0.7000
[2025-10-29T21:04:02Z INFO  analyzer::memory] Generating CDF plot for instruction 0xe30 operand 15 (p=0.014893)
[2025-10-29T21:04:02Z INFO  analyzer::plot] CDF plot saved to: owl_cdf_plots/instr_0xe30_operand_15_p0.014893.png
[2025-10-29T21:04:02Z INFO  analyzer::plot]   Fixed total accesses: 10
[2025-10-29T21:04:02Z INFO  analyzer::plot]   Random total accesses: 10
[2025-10-29T21:04:02Z INFO  analyzer::plot]   Maximum CDF difference: 0.7000
[2025-10-29T21:04:02Z INFO  analyzer::memory] Generating CDF plot for instruction 0xe80 operand 0 (p=0.000091)
[2025-10-29T21:04:02Z INFO  analyzer::plot] CDF plot saved to: owl_cdf_plots/instr_0xe80_operand_0_p0.000091.png
[2025-10-29T21:04:02Z INFO  analyzer::plot]   Fixed total accesses: 10
[2025-10-29T21:04:02Z INFO  analyzer::plot]   Random total accesses: 10
[2025-10-29T21:04:02Z INFO  analyzer::plot]   Maximum CDF difference: 1.0000
[2025-10-29T21:04:02Z INFO  analyzer::memory] Generating CDF plot for instruction 0xe80 operand 1 (p=0.000091)
[2025-10-29T21:04:02Z INFO  analyzer::plot] CDF plot saved to: owl_cdf_plots/instr_0xe80_operand_1_p0.000091.png
[2025-10-29T21:04:02Z INFO  analyzer::plot]   Fixed total accesses: 10
[2025-10-29T21:04:02Z INFO  analyzer::plot]   Random total accesses: 10
[2025-10-29T21:04:02Z INFO  analyzer::plot]   Maximum CDF difference: 1.0000
[2025-10-29T21:04:02Z INFO  analyzer::memory] Generating CDF plot for instruction 0xe80 operand 2 (p=0.000091)
[2025-10-29T21:04:02Z INFO  analyzer::plot] CDF plot saved to: owl_cdf_plots/instr_0xe80_operand_2_p0.000091.png
[2025-10-29T21:04:02Z INFO  analyzer::plot]   Fixed total accesses: 10
[2025-10-29T21:04:02Z INFO  analyzer::plot]   Random total accesses: 10
[2025-10-29T21:04:02Z INFO  analyzer::plot]   Maximum CDF difference: 1.0000
[2025-10-29T21:04:02Z INFO  analyzer::memory] Generating CDF plot for instruction 0xe80 operand 3 (p=0.000091)
[2025-10-29T21:04:02Z INFO  analyzer::plot] CDF plot saved to: owl_cdf_plots/instr_0xe80_operand_3_p0.000091.png
[2025-10-29T21:04:02Z INFO  analyzer::plot]   Fixed total accesses: 10
[2025-10-29T21:04:02Z INFO  analyzer::plot]   Random total accesses: 10
[2025-10-29T21:04:02Z INFO  analyzer::plot]   Maximum CDF difference: 1.0000
[2025-10-29T21:04:02Z INFO  analyzer::memory] Generating CDF plot for instruction 0xe80 operand 4 (p=0.000091)
[2025-10-29T21:04:02Z INFO  analyzer::plot] CDF plot saved to: owl_cdf_plots/instr_0xe80_operand_4_p0.000091.png
[2025-10-29T21:04:02Z INFO  analyzer::plot]   Fixed total accesses: 10
[2025-10-29T21:04:02Z INFO  analyzer::plot]   Random total accesses: 10
[2025-10-29T21:04:02Z INFO  analyzer::plot]   Maximum CDF difference: 1.0000
[2025-10-29T21:04:02Z INFO  analyzer::memory] Generating CDF plot for instruction 0xeb0 operand 0 (p=0.014893)
[2025-10-29T21:04:02Z INFO  analyzer::plot] CDF plot saved to: owl_cdf_plots/instr_0xeb0_operand_0_p0.014893.png
[2025-10-29T21:04:02Z INFO  analyzer::plot]   Fixed total accesses: 10
[2025-10-29T21:04:02Z INFO  analyzer::plot]   Random total accesses: 10
[2025-10-29T21:04:02Z INFO  analyzer::plot]   Maximum CDF difference: 0.7000
[2025-10-29T21:04:02Z INFO  analyzer::memory] Generating CDF plot for instruction 0xeb0 operand 1 (p=0.014893)
[2025-10-29T21:04:02Z INFO  analyzer::plot] CDF plot saved to: owl_cdf_plots/instr_0xeb0_operand_1_p0.014893.png
[2025-10-29T21:04:02Z INFO  analyzer::plot]   Fixed total accesses: 10
[2025-10-29T21:04:02Z INFO  analyzer::plot]   Random total accesses: 10
[2025-10-29T21:04:02Z INFO  analyzer::plot]   Maximum CDF difference: 0.7000
[2025-10-29T21:04:02Z INFO  analyzer::memory] Generating CDF plot for instruction 0xeb0 operand 2 (p=0.014893)
[2025-10-29T21:04:02Z INFO  analyzer::plot] CDF plot saved to: owl_cdf_plots/instr_0xeb0_operand_2_p0.014893.png
[2025-10-29T21:04:02Z INFO  analyzer::plot]   Fixed total accesses: 10
[2025-10-29T21:04:02Z INFO  analyzer::plot]   Random total accesses: 10
[2025-10-29T21:04:02Z INFO  analyzer::plot]   Maximum CDF difference: 0.7000
[2025-10-29T21:04:02Z INFO  analyzer::memory] Generating CDF plot for instruction 0xeb0 operand 3 (p=0.014893)
[2025-10-29T21:04:02Z INFO  analyzer::plot] CDF plot saved to: owl_cdf_plots/instr_0xeb0_operand_3_p0.014893.png
[2025-10-29T21:04:02Z INFO  analyzer::plot]   Fixed total accesses: 10
[2025-10-29T21:04:02Z INFO  analyzer::plot]   Random total accesses: 10
[2025-10-29T21:04:02Z INFO  analyzer::plot]   Maximum CDF difference: 0.7000
[2025-10-29T21:04:02Z INFO  analyzer::memory] Generating CDF plot for instruction 0xeb0 operand 4 (p=0.014893)
[2025-10-29T21:04:02Z INFO  analyzer::plot] CDF plot saved to: owl_cdf_plots/instr_0xeb0_operand_4_p0.014893.png
[2025-10-29T21:04:02Z INFO  analyzer::plot]   Fixed total accesses: 10
[2025-10-29T21:04:02Z INFO  analyzer::plot]   Random total accesses: 10
[2025-10-29T21:04:02Z INFO  analyzer::plot]   Maximum CDF difference: 0.7000
[2025-10-29T21:04:02Z INFO  analyzer::memory] Generating CDF plot for instruction 0xed0 operand 34 (p=0.014893)
[2025-10-29T21:04:02Z INFO  analyzer::plot] CDF plot saved to: owl_cdf_plots/instr_0xed0_operand_34_p0.014893.png
[2025-10-29T21:04:02Z INFO  analyzer::plot]   Fixed total accesses: 10
[2025-10-29T21:04:02Z INFO  analyzer::plot]   Random total accesses: 10
[2025-10-29T21:04:02Z INFO  analyzer::plot]   Maximum CDF difference: 0.7000
[2025-10-29T21:04:02Z INFO  analyzer::memory] Generating CDF plot for instruction 0xfb0 operand 14 (p=0.014893)
[2025-10-29T21:04:02Z INFO  analyzer::plot] CDF plot saved to: owl_cdf_plots/instr_0xfb0_operand_14_p0.014893.png
[2025-10-29T21:04:02Z INFO  analyzer::plot]   Fixed total accesses: 10
[2025-10-29T21:04:02Z INFO  analyzer::plot]   Random total accesses: 10
[2025-10-29T21:04:02Z INFO  analyzer::plot]   Maximum CDF difference: 0.7000
[2025-10-29T21:04:02Z INFO  analyzer::memory] Generating CDF plot for instruction 0xfe0 operand 56 (p=0.014893)
[2025-10-29T21:04:02Z INFO  analyzer::plot] CDF plot saved to: owl_cdf_plots/instr_0xfe0_operand_56_p0.014893.png
[2025-10-29T21:04:02Z INFO  analyzer::plot]   Fixed total accesses: 10
[2025-10-29T21:04:02Z INFO  analyzer::plot]   Random total accesses: 10
[2025-10-29T21:04:02Z INFO  analyzer::plot]   Maximum CDF difference: 0.7000
[2025-10-29T21:04:02Z INFO  analyzer::memory] Generating CDF plot for instruction 0x1010 operand 40 (p=0.014893)
[2025-10-29T21:04:02Z INFO  analyzer::plot] CDF plot saved to: owl_cdf_plots/instr_0x1010_operand_40_p0.014893.png
[2025-10-29T21:04:02Z INFO  analyzer::plot]   Fixed total accesses: 10
[2025-10-29T21:04:02Z INFO  analyzer::plot]   Random total accesses: 10
[2025-10-29T21:04:02Z INFO  analyzer::plot]   Maximum CDF difference: 0.7000
[2025-10-29T21:04:02Z INFO  analyzer::memory] Generating CDF plot for instruction 0x1050 operand 20 (p=0.014893)
[2025-10-29T21:04:02Z INFO  analyzer::plot] CDF plot saved to: owl_cdf_plots/instr_0x1050_operand_20_p0.014893.png
[2025-10-29T21:04:02Z INFO  analyzer::plot]   Fixed total accesses: 10
[2025-10-29T21:04:02Z INFO  analyzer::plot]   Random total accesses: 10
[2025-10-29T21:04:02Z INFO  analyzer::plot]   Maximum CDF difference: 0.7000
[2025-10-29T21:04:02Z INFO  analyzer::memory] Generating CDF plot for instruction 0x1050 operand 23 (p=0.003323)
[2025-10-29T21:04:02Z INFO  analyzer::plot] CDF plot saved to: owl_cdf_plots/instr_0x1050_operand_23_p0.003323.png
[2025-10-29T21:04:02Z INFO  analyzer::plot]   Fixed total accesses: 10
[2025-10-29T21:04:02Z INFO  analyzer::plot]   Random total accesses: 10
[2025-10-29T21:04:02Z INFO  analyzer::plot]   Maximum CDF difference: 0.8000
[2025-10-29T21:04:02Z INFO  analyzer::memory] Generating CDF plot for instruction 0x10e0 operand 13 (p=0.014893)
[2025-10-29T21:04:02Z INFO  analyzer::plot] CDF plot saved to: owl_cdf_plots/instr_0x10e0_operand_13_p0.014893.png
[2025-10-29T21:04:02Z INFO  analyzer::plot]   Fixed total accesses: 10
[2025-10-29T21:04:02Z INFO  analyzer::plot]   Random total accesses: 10
[2025-10-29T21:04:02Z INFO  analyzer::plot]   Maximum CDF difference: 0.7000
[2025-10-29T21:04:02Z INFO  analyzer::memory] Generating CDF plot for instruction 0x10e0 operand 32 (p=0.003323)
[2025-10-29T21:04:02Z INFO  analyzer::plot] CDF plot saved to: owl_cdf_plots/instr_0x10e0_operand_32_p0.003323.png
[2025-10-29T21:04:02Z INFO  analyzer::plot]   Fixed total accesses: 10
[2025-10-29T21:04:02Z INFO  analyzer::plot]   Random total accesses: 10
[2025-10-29T21:04:02Z INFO  analyzer::plot]   Maximum CDF difference: 0.8000
[2025-10-29T21:04:02Z INFO  analyzer::memory] Generating CDF plot for instruction 0x10e0 operand 63 (p=0.014893)
[2025-10-29T21:04:02Z INFO  analyzer::plot] CDF plot saved to: owl_cdf_plots/instr_0x10e0_operand_63_p0.014893.png
[2025-10-29T21:04:02Z INFO  analyzer::plot]   Fixed total accesses: 10
[2025-10-29T21:04:02Z INFO  analyzer::plot]   Random total accesses: 10
[2025-10-29T21:04:02Z INFO  analyzer::plot]   Maximum CDF difference: 0.7000
[2025-10-29T21:04:02Z INFO  analyzer::memory] Generating CDF plot for instruction 0x1100 operand 19 (p=0.014893)
[2025-10-29T21:04:02Z INFO  analyzer::plot] CDF plot saved to: owl_cdf_plots/instr_0x1100_operand_19_p0.014893.png
[2025-10-29T21:04:02Z INFO  analyzer::plot]   Fixed total accesses: 10
[2025-10-29T21:04:02Z INFO  analyzer::plot]   Random total accesses: 10
[2025-10-29T21:04:02Z INFO  analyzer::plot]   Maximum CDF difference: 0.7000
[2025-10-29T21:04:02Z INFO  analyzer::memory] Generating CDF plot for instruction 0x1110 operand 58 (p=0.014893)
[2025-10-29T21:04:02Z INFO  analyzer::plot] CDF plot saved to: owl_cdf_plots/instr_0x1110_operand_58_p0.014893.png
[2025-10-29T21:04:02Z INFO  analyzer::plot]   Fixed total accesses: 10
[2025-10-29T21:04:02Z INFO  analyzer::plot]   Random total accesses: 10
[2025-10-29T21:04:02Z INFO  analyzer::plot]   Maximum CDF difference: 0.7000
[2025-10-29T21:04:02Z INFO  analyzer::memory] Generating CDF plot for instruction 0x11c0 operand 0 (p=0.014893)
[2025-10-29T21:04:02Z INFO  analyzer::plot] CDF plot saved to: owl_cdf_plots/instr_0x11c0_operand_0_p0.014893.png
[2025-10-29T21:04:02Z INFO  analyzer::plot]   Fixed total accesses: 10
[2025-10-29T21:04:02Z INFO  analyzer::plot]   Random total accesses: 10
[2025-10-29T21:04:02Z INFO  analyzer::plot]   Maximum CDF difference: 0.7000
[2025-10-29T21:04:02Z INFO  analyzer::memory] Generating CDF plot for instruction 0x11c0 operand 1 (p=0.014893)
[2025-10-29T21:04:02Z INFO  analyzer::plot] CDF plot saved to: owl_cdf_plots/instr_0x11c0_operand_1_p0.014893.png
[2025-10-29T21:04:02Z INFO  analyzer::plot]   Fixed total accesses: 10
[2025-10-29T21:04:02Z INFO  analyzer::plot]   Random total accesses: 10
[2025-10-29T21:04:02Z INFO  analyzer::plot]   Maximum CDF difference: 0.7000
[2025-10-29T21:04:02Z INFO  analyzer::memory] Generating CDF plot for instruction 0x11c0 operand 2 (p=0.014893)
[2025-10-29T21:04:02Z INFO  analyzer::plot] CDF plot saved to: owl_cdf_plots/instr_0x11c0_operand_2_p0.014893.png
[2025-10-29T21:04:02Z INFO  analyzer::plot]   Fixed total accesses: 10
[2025-10-29T21:04:02Z INFO  analyzer::plot]   Random total accesses: 10
[2025-10-29T21:04:02Z INFO  analyzer::plot]   Maximum CDF difference: 0.7000
[2025-10-29T21:04:02Z INFO  analyzer::memory] Generating CDF plot for instruction 0x11c0 operand 3 (p=0.014893)
[2025-10-29T21:04:02Z INFO  analyzer::plot] CDF plot saved to: owl_cdf_plots/instr_0x11c0_operand_3_p0.014893.png
[2025-10-29T21:04:02Z INFO  analyzer::plot]   Fixed total accesses: 10
[2025-10-29T21:04:02Z INFO  analyzer::plot]   Random total accesses: 10
[2025-10-29T21:04:02Z INFO  analyzer::plot]   Maximum CDF difference: 0.7000
[2025-10-29T21:04:02Z INFO  analyzer::memory] Generating CDF plot for instruction 0x11c0 operand 4 (p=0.014893)
[2025-10-29T21:04:02Z INFO  analyzer::plot] CDF plot saved to: owl_cdf_plots/instr_0x11c0_operand_4_p0.014893.png
[2025-10-29T21:04:02Z INFO  analyzer::plot]   Fixed total accesses: 10
[2025-10-29T21:04:02Z INFO  analyzer::plot]   Random total accesses: 10
[2025-10-29T21:04:02Z INFO  analyzer::plot]   Maximum CDF difference: 0.7000
[2025-10-29T21:04:02Z INFO  analyzer::memory] Generating CDF plot for instruction 0x11f0 operand 0 (p=0.000607)
[2025-10-29T21:04:02Z INFO  analyzer::plot] CDF plot saved to: owl_cdf_plots/instr_0x11f0_operand_0_p0.000607.png
[2025-10-29T21:04:02Z INFO  analyzer::plot]   Fixed total accesses: 10
[2025-10-29T21:04:02Z INFO  analyzer::plot]   Random total accesses: 10
[2025-10-29T21:04:02Z INFO  analyzer::plot]   Maximum CDF difference: 0.9000
[2025-10-29T21:04:02Z INFO  analyzer::memory] Generating CDF plot for instruction 0x11f0 operand 1 (p=0.000607)
[2025-10-29T21:04:02Z INFO  analyzer::plot] CDF plot saved to: owl_cdf_plots/instr_0x11f0_operand_1_p0.000607.png
[2025-10-29T21:04:02Z INFO  analyzer::plot]   Fixed total accesses: 10
[2025-10-29T21:04:02Z INFO  analyzer::plot]   Random total accesses: 10
[2025-10-29T21:04:02Z INFO  analyzer::plot]   Maximum CDF difference: 0.9000
[2025-10-29T21:04:02Z INFO  analyzer::memory] Generating CDF plot for instruction 0x11f0 operand 2 (p=0.000607)
[2025-10-29T21:04:02Z INFO  analyzer::plot] CDF plot saved to: owl_cdf_plots/instr_0x11f0_operand_2_p0.000607.png
[2025-10-29T21:04:02Z INFO  analyzer::plot]   Fixed total accesses: 10
[2025-10-29T21:04:02Z INFO  analyzer::plot]   Random total accesses: 10
[2025-10-29T21:04:02Z INFO  analyzer::plot]   Maximum CDF difference: 0.9000
[2025-10-29T21:04:02Z INFO  analyzer::memory] Generating CDF plot for instruction 0x11f0 operand 3 (p=0.000607)
[2025-10-29T21:04:02Z INFO  analyzer::plot] CDF plot saved to: owl_cdf_plots/instr_0x11f0_operand_3_p0.000607.png
[2025-10-29T21:04:02Z INFO  analyzer::plot]   Fixed total accesses: 10
[2025-10-29T21:04:02Z INFO  analyzer::plot]   Random total accesses: 10
[2025-10-29T21:04:02Z INFO  analyzer::plot]   Maximum CDF difference: 0.9000
[2025-10-29T21:04:02Z INFO  analyzer::memory] Generating CDF plot for instruction 0x11f0 operand 4 (p=0.000607)
[2025-10-29T21:04:02Z INFO  analyzer::plot] CDF plot saved to: owl_cdf_plots/instr_0x11f0_operand_4_p0.000607.png
[2025-10-29T21:04:02Z INFO  analyzer::plot]   Fixed total accesses: 10
[2025-10-29T21:04:02Z INFO  analyzer::plot]   Random total accesses: 10
[2025-10-29T21:04:02Z INFO  analyzer::plot]   Maximum CDF difference: 0.9000
[2025-10-29T21:04:02Z INFO  analyzer::memory] Generating CDF plot for instruction 0x1290 operand 6 (p=0.014893)
[2025-10-29T21:04:02Z INFO  analyzer::plot] CDF plot saved to: owl_cdf_plots/instr_0x1290_operand_6_p0.014893.png
[2025-10-29T21:04:02Z INFO  analyzer::plot]   Fixed total accesses: 10
[2025-10-29T21:04:02Z INFO  analyzer::plot]   Random total accesses: 10
[2025-10-29T21:04:02Z INFO  analyzer::plot]   Maximum CDF difference: 0.7000
[2025-10-29T21:04:02Z INFO  analyzer::memory] Generating CDF plot for instruction 0x12a0 operand 0 (p=0.014893)
[2025-10-29T21:04:02Z INFO  analyzer::plot] CDF plot saved to: owl_cdf_plots/instr_0x12a0_operand_0_p0.014893.png
[2025-10-29T21:04:02Z INFO  analyzer::plot]   Fixed total accesses: 10
[2025-10-29T21:04:02Z INFO  analyzer::plot]   Random total accesses: 10
[2025-10-29T21:04:02Z INFO  analyzer::plot]   Maximum CDF difference: 0.7000
[2025-10-29T21:04:02Z INFO  analyzer::memory] Generating CDF plot for instruction 0x12a0 operand 1 (p=0.014893)
[2025-10-29T21:04:02Z INFO  analyzer::plot] CDF plot saved to: owl_cdf_plots/instr_0x12a0_operand_1_p0.014893.png
[2025-10-29T21:04:02Z INFO  analyzer::plot]   Fixed total accesses: 10
[2025-10-29T21:04:02Z INFO  analyzer::plot]   Random total accesses: 10
[2025-10-29T21:04:02Z INFO  analyzer::plot]   Maximum CDF difference: 0.7000
[2025-10-29T21:04:02Z INFO  analyzer::memory] Generating CDF plot for instruction 0x12a0 operand 2 (p=0.014893)
[2025-10-29T21:04:02Z INFO  analyzer::plot] CDF plot saved to: owl_cdf_plots/instr_0x12a0_operand_2_p0.014893.png
[2025-10-29T21:04:02Z INFO  analyzer::plot]   Fixed total accesses: 10
[2025-10-29T21:04:02Z INFO  analyzer::plot]   Random total accesses: 10
[2025-10-29T21:04:02Z INFO  analyzer::plot]   Maximum CDF difference: 0.7000
[2025-10-29T21:04:02Z INFO  analyzer::memory] Generating CDF plot for instruction 0x12a0 operand 3 (p=0.014893)
[2025-10-29T21:04:02Z INFO  analyzer::plot] CDF plot saved to: owl_cdf_plots/instr_0x12a0_operand_3_p0.014893.png
[2025-10-29T21:04:02Z INFO  analyzer::plot]   Fixed total accesses: 10
[2025-10-29T21:04:02Z INFO  analyzer::plot]   Random total accesses: 10
[2025-10-29T21:04:02Z INFO  analyzer::plot]   Maximum CDF difference: 0.7000
[2025-10-29T21:04:02Z INFO  analyzer::memory] Generating CDF plot for instruction 0x12a0 operand 4 (p=0.014893)
[2025-10-29T21:04:02Z INFO  analyzer::plot] CDF plot saved to: owl_cdf_plots/instr_0x12a0_operand_4_p0.014893.png
[2025-10-29T21:04:02Z INFO  analyzer::plot]   Fixed total accesses: 10
[2025-10-29T21:04:02Z INFO  analyzer::plot]   Random total accesses: 10
[2025-10-29T21:04:02Z INFO  analyzer::plot]   Maximum CDF difference: 0.7000
[2025-10-29T21:04:02Z INFO  analyzer::memory] Generating CDF plot for instruction 0x1330 operand 43 (p=0.014893)
[2025-10-29T21:04:02Z INFO  analyzer::plot] CDF plot saved to: owl_cdf_plots/instr_0x1330_operand_43_p0.014893.png
[2025-10-29T21:04:02Z INFO  analyzer::plot]   Fixed total accesses: 10
[2025-10-29T21:04:02Z INFO  analyzer::plot]   Random total accesses: 10
[2025-10-29T21:04:02Z INFO  analyzer::plot]   Maximum CDF difference: 0.7000
[2025-10-29T21:04:02Z INFO  analyzer::memory] Generating CDF plot for instruction 0x1370 operand 0 (p=0.014893)
[2025-10-29T21:04:02Z INFO  analyzer::plot] CDF plot saved to: owl_cdf_plots/instr_0x1370_operand_0_p0.014893.png
[2025-10-29T21:04:02Z INFO  analyzer::plot]   Fixed total accesses: 10
[2025-10-29T21:04:02Z INFO  analyzer::plot]   Random total accesses: 10
[2025-10-29T21:04:02Z INFO  analyzer::plot]   Maximum CDF difference: 0.7000
[2025-10-29T21:04:02Z INFO  analyzer::memory] Generating CDF plot for instruction 0x1370 operand 1 (p=0.014893)
[2025-10-29T21:04:02Z INFO  analyzer::plot] CDF plot saved to: owl_cdf_plots/instr_0x1370_operand_1_p0.014893.png
[2025-10-29T21:04:02Z INFO  analyzer::plot]   Fixed total accesses: 10
[2025-10-29T21:04:02Z INFO  analyzer::plot]   Random total accesses: 10
[2025-10-29T21:04:02Z INFO  analyzer::plot]   Maximum CDF difference: 0.7000
[2025-10-29T21:04:02Z INFO  analyzer::memory] Generating CDF plot for instruction 0x1370 operand 2 (p=0.014893)
[2025-10-29T21:04:02Z INFO  analyzer::plot] CDF plot saved to: owl_cdf_plots/instr_0x1370_operand_2_p0.014893.png
[2025-10-29T21:04:02Z INFO  analyzer::plot]   Fixed total accesses: 10
[2025-10-29T21:04:02Z INFO  analyzer::plot]   Random total accesses: 10
[2025-10-29T21:04:02Z INFO  analyzer::plot]   Maximum CDF difference: 0.7000
[2025-10-29T21:04:02Z INFO  analyzer::memory] Generating CDF plot for instruction 0x1370 operand 3 (p=0.014893)
[2025-10-29T21:04:02Z INFO  analyzer::plot] CDF plot saved to: owl_cdf_plots/instr_0x1370_operand_3_p0.014893.png
[2025-10-29T21:04:02Z INFO  analyzer::plot]   Fixed total accesses: 10
[2025-10-29T21:04:02Z INFO  analyzer::plot]   Random total accesses: 10
[2025-10-29T21:04:02Z INFO  analyzer::plot]   Maximum CDF difference: 0.7000
[2025-10-29T21:04:02Z INFO  analyzer::memory] Generating CDF plot for instruction 0x1370 operand 4 (p=0.014893)
[2025-10-29T21:04:02Z INFO  analyzer::plot] CDF plot saved to: owl_cdf_plots/instr_0x1370_operand_4_p0.014893.png
[2025-10-29T21:04:02Z INFO  analyzer::plot]   Fixed total accesses: 10
[2025-10-29T21:04:02Z INFO  analyzer::plot]   Random total accesses: 10
[2025-10-29T21:04:02Z INFO  analyzer::plot]   Maximum CDF difference: 0.7000
[2025-10-29T21:04:02Z INFO  analyzer::memory] Generating CDF plot for instruction 0x13a0 operand 41 (p=0.014893)
[2025-10-29T21:04:02Z INFO  analyzer::plot] CDF plot saved to: owl_cdf_plots/instr_0x13a0_operand_41_p0.014893.png
[2025-10-29T21:04:02Z INFO  analyzer::plot]   Fixed total accesses: 10
[2025-10-29T21:04:02Z INFO  analyzer::plot]   Random total accesses: 10
[2025-10-29T21:04:02Z INFO  analyzer::plot]   Maximum CDF difference: 0.7000
[2025-10-29T21:04:02Z INFO  analyzer::memory] Generating CDF plot for instruction 0x13b0 operand 28 (p=0.014893)
[2025-10-29T21:04:02Z INFO  analyzer::plot] CDF plot saved to: owl_cdf_plots/instr_0x13b0_operand_28_p0.014893.png
[2025-10-29T21:04:02Z INFO  analyzer::plot]   Fixed total accesses: 10
[2025-10-29T21:04:02Z INFO  analyzer::plot]   Random total accesses: 10
[2025-10-29T21:04:02Z INFO  analyzer::plot]   Maximum CDF difference: 0.7000
[2025-10-29T21:04:02Z INFO  analyzer::memory] Generating CDF plot for instruction 0x1480 operand 27 (p=0.003323)
[2025-10-29T21:04:02Z INFO  analyzer::plot] CDF plot saved to: owl_cdf_plots/instr_0x1480_operand_27_p0.003323.png
[2025-10-29T21:04:02Z INFO  analyzer::plot]   Fixed total accesses: 10
[2025-10-29T21:04:02Z INFO  analyzer::plot]   Random total accesses: 10
[2025-10-29T21:04:02Z INFO  analyzer::plot]   Maximum CDF difference: 0.8000
[2025-10-29T21:04:02Z INFO  analyzer::memory] Generating CDF plot for instruction 0x1480 operand 49 (p=0.014893)
[2025-10-29T21:04:02Z INFO  analyzer::plot] CDF plot saved to: owl_cdf_plots/instr_0x1480_operand_49_p0.014893.png
[2025-10-29T21:04:02Z INFO  analyzer::plot]   Fixed total accesses: 10
[2025-10-29T21:04:02Z INFO  analyzer::plot]   Random total accesses: 10
[2025-10-29T21:04:02Z INFO  analyzer::plot]   Maximum CDF difference: 0.7000
[2025-10-29T21:04:02Z INFO  analyzer::memory] Generating CDF plot for instruction 0x14a0 operand 47 (p=0.014893)
[2025-10-29T21:04:02Z INFO  analyzer::plot] CDF plot saved to: owl_cdf_plots/instr_0x14a0_operand_47_p0.014893.png
[2025-10-29T21:04:02Z INFO  analyzer::plot]   Fixed total accesses: 10
[2025-10-29T21:04:02Z INFO  analyzer::plot]   Random total accesses: 10
[2025-10-29T21:04:02Z INFO  analyzer::plot]   Maximum CDF difference: 0.7000
[2025-10-29T21:04:02Z INFO  analyzer::memory] Generating CDF plot for instruction 0x14b0 operand 48 (p=0.003323)
[2025-10-29T21:04:02Z INFO  analyzer::plot] CDF plot saved to: owl_cdf_plots/instr_0x14b0_operand_48_p0.003323.png
[2025-10-29T21:04:02Z INFO  analyzer::plot]   Fixed total accesses: 10
[2025-10-29T21:04:02Z INFO  analyzer::plot]   Random total accesses: 10
[2025-10-29T21:04:02Z INFO  analyzer::plot]   Maximum CDF difference: 0.8000
[2025-10-29T21:04:02Z INFO  analyzer::memory] Generating CDF plot for instruction 0x1570 operand 6 (p=0.014893)
[2025-10-29T21:04:02Z INFO  analyzer::plot] CDF plot saved to: owl_cdf_plots/instr_0x1570_operand_6_p0.014893.png
[2025-10-29T21:04:02Z INFO  analyzer::plot]   Fixed total accesses: 10
[2025-10-29T21:04:02Z INFO  analyzer::plot]   Random total accesses: 10
[2025-10-29T21:04:02Z INFO  analyzer::plot]   Maximum CDF difference: 0.7000
[2025-10-29T21:04:02Z INFO  analyzer::memory] Generating CDF plot for instruction 0x1570 operand 10 (p=0.014893)
[2025-10-29T21:04:02Z INFO  analyzer::plot] CDF plot saved to: owl_cdf_plots/instr_0x1570_operand_10_p0.014893.png
[2025-10-29T21:04:02Z INFO  analyzer::plot]   Fixed total accesses: 10
[2025-10-29T21:04:02Z INFO  analyzer::plot]   Random total accesses: 10
[2025-10-29T21:04:02Z INFO  analyzer::plot]   Maximum CDF difference: 0.7000
[2025-10-29T21:04:02Z INFO  analyzer::memory] Generating CDF plot for instruction 0x1570 operand 35 (p=0.014893)
[2025-10-29T21:04:02Z INFO  analyzer::plot] CDF plot saved to: owl_cdf_plots/instr_0x1570_operand_35_p0.014893.png
[2025-10-29T21:04:02Z INFO  analyzer::plot]   Fixed total accesses: 10
[2025-10-29T21:04:02Z INFO  analyzer::plot]   Random total accesses: 10
[2025-10-29T21:04:02Z INFO  analyzer::plot]   Maximum CDF difference: 0.7000
[2025-10-29T21:04:02Z INFO  analyzer::memory] Generating CDF plot for instruction 0x1570 operand 60 (p=0.014893)
[2025-10-29T21:04:02Z INFO  analyzer::plot] CDF plot saved to: owl_cdf_plots/instr_0x1570_operand_60_p0.014893.png
[2025-10-29T21:04:02Z INFO  analyzer::plot]   Fixed total accesses: 10
[2025-10-29T21:04:02Z INFO  analyzer::plot]   Random total accesses: 10
[2025-10-29T21:04:02Z INFO  analyzer::plot]   Maximum CDF difference: 0.7000
[2025-10-29T21:04:02Z INFO  analyzer::memory] Generating CDF plot for instruction 0x1640 operand 40 (p=0.014893)
[2025-10-29T21:04:02Z INFO  analyzer::plot] CDF plot saved to: owl_cdf_plots/instr_0x1640_operand_40_p0.014893.png
[2025-10-29T21:04:02Z INFO  analyzer::plot]   Fixed total accesses: 10
[2025-10-29T21:04:02Z INFO  analyzer::plot]   Random total accesses: 10
[2025-10-29T21:04:02Z INFO  analyzer::plot]   Maximum CDF difference: 0.7000
[2025-10-29T21:04:02Z INFO  analyzer::memory] Generating CDF plot for instruction 0x1670 operand 2 (p=0.003323)
[2025-10-29T21:04:02Z INFO  analyzer::plot] CDF plot saved to: owl_cdf_plots/instr_0x1670_operand_2_p0.003323.png
[2025-10-29T21:04:02Z INFO  analyzer::plot]   Fixed total accesses: 10
[2025-10-29T21:04:02Z INFO  analyzer::plot]   Random total accesses: 10
[2025-10-29T21:04:02Z INFO  analyzer::plot]   Maximum CDF difference: 0.8000
[2025-10-29T21:04:02Z INFO  analyzer::memory] Generating CDF plot for instruction 0x16a0 operand 10 (p=0.014893)
[2025-10-29T21:04:02Z INFO  analyzer::plot] CDF plot saved to: owl_cdf_plots/instr_0x16a0_operand_10_p0.014893.png
[2025-10-29T21:04:02Z INFO  analyzer::plot]   Fixed total accesses: 10
[2025-10-29T21:04:02Z INFO  analyzer::plot]   Random total accesses: 10
[2025-10-29T21:04:02Z INFO  analyzer::plot]   Maximum CDF difference: 0.7000
[2025-10-29T21:04:02Z INFO  analyzer::memory] Generating CDF plot for instruction 0x16a0 operand 45 (p=0.014893)
[2025-10-29T21:04:02Z INFO  analyzer::plot] CDF plot saved to: owl_cdf_plots/instr_0x16a0_operand_45_p0.014893.png
[2025-10-29T21:04:02Z INFO  analyzer::plot]   Fixed total accesses: 10
[2025-10-29T21:04:02Z INFO  analyzer::plot]   Random total accesses: 10
[2025-10-29T21:04:02Z INFO  analyzer::plot]   Maximum CDF difference: 0.7000
[2025-10-29T21:04:02Z INFO  analyzer::memory] Generating CDF plot for instruction 0x16a0 operand 55 (p=0.014893)
[2025-10-29T21:04:02Z INFO  analyzer::plot] CDF plot saved to: owl_cdf_plots/instr_0x16a0_operand_55_p0.014893.png
[2025-10-29T21:04:02Z INFO  analyzer::plot]   Fixed total accesses: 10
[2025-10-29T21:04:02Z INFO  analyzer::plot]   Random total accesses: 10
[2025-10-29T21:04:02Z INFO  analyzer::plot]   Maximum CDF difference: 0.7000
[2025-10-29T21:04:02Z INFO  analyzer::memory] Generating CDF plot for instruction 0x16b0 operand 5 (p=0.014893)
[2025-10-29T21:04:02Z INFO  analyzer::plot] CDF plot saved to: owl_cdf_plots/instr_0x16b0_operand_5_p0.014893.png
[2025-10-29T21:04:02Z INFO  analyzer::plot]   Fixed total accesses: 10
[2025-10-29T21:04:02Z INFO  analyzer::plot]   Random total accesses: 10
[2025-10-29T21:04:02Z INFO  analyzer::plot]   Maximum CDF difference: 0.7000
[2025-10-29T21:04:02Z INFO  analyzer::memory] Generating CDF plot for instruction 0x16b0 operand 62 (p=0.014893)
[2025-10-29T21:04:02Z INFO  analyzer::plot] CDF plot saved to: owl_cdf_plots/instr_0x16b0_operand_62_p0.014893.png
[2025-10-29T21:04:02Z INFO  analyzer::plot]   Fixed total accesses: 10
[2025-10-29T21:04:02Z INFO  analyzer::plot]   Random total accesses: 10
[2025-10-29T21:04:02Z INFO  analyzer::plot]   Maximum CDF difference: 0.7000
[2025-10-29T21:04:02Z INFO  analyzer::memory] Generating CDF plot for instruction 0x1770 operand 0 (p=0.000091)
[2025-10-29T21:04:02Z INFO  analyzer::plot] CDF plot saved to: owl_cdf_plots/instr_0x1770_operand_0_p0.000091.png
[2025-10-29T21:04:02Z INFO  analyzer::plot]   Fixed total accesses: 10
[2025-10-29T21:04:02Z INFO  analyzer::plot]   Random total accesses: 10
[2025-10-29T21:04:02Z INFO  analyzer::plot]   Maximum CDF difference: 1.0000
[2025-10-29T21:04:02Z INFO  analyzer::memory] Generating CDF plot for instruction 0x1770 operand 1 (p=0.000091)
[2025-10-29T21:04:02Z INFO  analyzer::plot] CDF plot saved to: owl_cdf_plots/instr_0x1770_operand_1_p0.000091.png
[2025-10-29T21:04:02Z INFO  analyzer::plot]   Fixed total accesses: 10
[2025-10-29T21:04:02Z INFO  analyzer::plot]   Random total accesses: 10
[2025-10-29T21:04:02Z INFO  analyzer::plot]   Maximum CDF difference: 1.0000
[2025-10-29T21:04:02Z INFO  analyzer::memory] Generating CDF plot for instruction 0x1770 operand 2 (p=0.000091)
[2025-10-29T21:04:02Z INFO  analyzer::plot] CDF plot saved to: owl_cdf_plots/instr_0x1770_operand_2_p0.000091.png
[2025-10-29T21:04:02Z INFO  analyzer::plot]   Fixed total accesses: 10
[2025-10-29T21:04:02Z INFO  analyzer::plot]   Random total accesses: 10
[2025-10-29T21:04:02Z INFO  analyzer::plot]   Maximum CDF difference: 1.0000
[2025-10-29T21:04:02Z INFO  analyzer::memory] Generating CDF plot for instruction 0x1770 operand 3 (p=0.000091)
[2025-10-29T21:04:02Z INFO  analyzer::plot] CDF plot saved to: owl_cdf_plots/instr_0x1770_operand_3_p0.000091.png
[2025-10-29T21:04:02Z INFO  analyzer::plot]   Fixed total accesses: 10
[2025-10-29T21:04:02Z INFO  analyzer::plot]   Random total accesses: 10
[2025-10-29T21:04:02Z INFO  analyzer::plot]   Maximum CDF difference: 1.0000
[2025-10-29T21:04:02Z INFO  analyzer::memory] Generating CDF plot for instruction 0x1770 operand 4 (p=0.000091)
[2025-10-29T21:04:02Z INFO  analyzer::plot] CDF plot saved to: owl_cdf_plots/instr_0x1770_operand_4_p0.000091.png
[2025-10-29T21:04:02Z INFO  analyzer::plot]   Fixed total accesses: 10
[2025-10-29T21:04:02Z INFO  analyzer::plot]   Random total accesses: 10
[2025-10-29T21:04:02Z INFO  analyzer::plot]   Maximum CDF difference: 1.0000
[2025-10-29T21:04:02Z INFO  analyzer::memory] Generating CDF plot for instruction 0x1790 operand 0 (p=0.014893)
[2025-10-29T21:04:02Z INFO  analyzer::plot] CDF plot saved to: owl_cdf_plots/instr_0x1790_operand_0_p0.014893.png
[2025-10-29T21:04:02Z INFO  analyzer::plot]   Fixed total accesses: 10
[2025-10-29T21:04:02Z INFO  analyzer::plot]   Random total accesses: 10
[2025-10-29T21:04:02Z INFO  analyzer::plot]   Maximum CDF difference: 0.7000
[2025-10-29T21:04:02Z INFO  analyzer::memory] Generating CDF plot for instruction 0x1790 operand 1 (p=0.014893)
[2025-10-29T21:04:02Z INFO  analyzer::plot] CDF plot saved to: owl_cdf_plots/instr_0x1790_operand_1_p0.014893.png
[2025-10-29T21:04:02Z INFO  analyzer::plot]   Fixed total accesses: 10
[2025-10-29T21:04:02Z INFO  analyzer::plot]   Random total accesses: 10
[2025-10-29T21:04:02Z INFO  analyzer::plot]   Maximum CDF difference: 0.7000
[2025-10-29T21:04:02Z INFO  analyzer::memory] Generating CDF plot for instruction 0x1790 operand 2 (p=0.014893)
[2025-10-29T21:04:02Z INFO  analyzer::plot] CDF plot saved to: owl_cdf_plots/instr_0x1790_operand_2_p0.014893.png
[2025-10-29T21:04:02Z INFO  analyzer::plot]   Fixed total accesses: 10
[2025-10-29T21:04:02Z INFO  analyzer::plot]   Random total accesses: 10
[2025-10-29T21:04:02Z INFO  analyzer::plot]   Maximum CDF difference: 0.7000
[2025-10-29T21:04:02Z INFO  analyzer::memory] Generating CDF plot for instruction 0x1790 operand 3 (p=0.014893)
[2025-10-29T21:04:02Z INFO  analyzer::plot] CDF plot saved to: owl_cdf_plots/instr_0x1790_operand_3_p0.014893.png
[2025-10-29T21:04:02Z INFO  analyzer::plot]   Fixed total accesses: 10
[2025-10-29T21:04:02Z INFO  analyzer::plot]   Random total accesses: 10
[2025-10-29T21:04:02Z INFO  analyzer::plot]   Maximum CDF difference: 0.7000
[2025-10-29T21:04:02Z INFO  analyzer::memory] Generating CDF plot for instruction 0x1790 operand 4 (p=0.014893)
[2025-10-29T21:04:02Z INFO  analyzer::plot] CDF plot saved to: owl_cdf_plots/instr_0x1790_operand_4_p0.014893.png
[2025-10-29T21:04:02Z INFO  analyzer::plot]   Fixed total accesses: 10
[2025-10-29T21:04:02Z INFO  analyzer::plot]   Random total accesses: 10
[2025-10-29T21:04:02Z INFO  analyzer::plot]   Maximum CDF difference: 0.7000
[2025-10-29T21:04:02Z INFO  analyzer::memory] Generating CDF plot for instruction 0x17a0 operand 27 (p=0.003323)
[2025-10-29T21:04:02Z INFO  analyzer::plot] CDF plot saved to: owl_cdf_plots/instr_0x17a0_operand_27_p0.003323.png
[2025-10-29T21:04:02Z INFO  analyzer::plot]   Fixed total accesses: 10
[2025-10-29T21:04:02Z INFO  analyzer::plot]   Random total accesses: 10
[2025-10-29T21:04:02Z INFO  analyzer::plot]   Maximum CDF difference: 0.8000
[2025-10-29T21:04:02Z INFO  analyzer::memory] Generating CDF plot for instruction 0x1880 operand 0 (p=0.003323)
[2025-10-29T21:04:02Z INFO  analyzer::plot] CDF plot saved to: owl_cdf_plots/instr_0x1880_operand_0_p0.003323.png
[2025-10-29T21:04:02Z INFO  analyzer::plot]   Fixed total accesses: 10
[2025-10-29T21:04:02Z INFO  analyzer::plot]   Random total accesses: 10
[2025-10-29T21:04:02Z INFO  analyzer::plot]   Maximum CDF difference: 0.8000
[2025-10-29T21:04:02Z INFO  analyzer::memory] Generating CDF plot for instruction 0x1880 operand 1 (p=0.003323)
[2025-10-29T21:04:02Z INFO  analyzer::plot] CDF plot saved to: owl_cdf_plots/instr_0x1880_operand_1_p0.003323.png
[2025-10-29T21:04:02Z INFO  analyzer::plot]   Fixed total accesses: 10
[2025-10-29T21:04:02Z INFO  analyzer::plot]   Random total accesses: 10
[2025-10-29T21:04:02Z INFO  analyzer::plot]   Maximum CDF difference: 0.8000
[2025-10-29T21:04:02Z INFO  analyzer::memory] Generating CDF plot for instruction 0x1880 operand 2 (p=0.003323)
[2025-10-29T21:04:02Z INFO  analyzer::plot] CDF plot saved to: owl_cdf_plots/instr_0x1880_operand_2_p0.003323.png
[2025-10-29T21:04:02Z INFO  analyzer::plot]   Fixed total accesses: 10
[2025-10-29T21:04:02Z INFO  analyzer::plot]   Random total accesses: 10
[2025-10-29T21:04:02Z INFO  analyzer::plot]   Maximum CDF difference: 0.8000
[2025-10-29T21:04:02Z INFO  analyzer::memory] Generating CDF plot for instruction 0x1880 operand 3 (p=0.003323)
[2025-10-29T21:04:02Z INFO  analyzer::plot] CDF plot saved to: owl_cdf_plots/instr_0x1880_operand_3_p0.003323.png
[2025-10-29T21:04:02Z INFO  analyzer::plot]   Fixed total accesses: 10
[2025-10-29T21:04:02Z INFO  analyzer::plot]   Random total accesses: 10
[2025-10-29T21:04:02Z INFO  analyzer::plot]   Maximum CDF difference: 0.8000
[2025-10-29T21:04:02Z INFO  analyzer::memory] Generating CDF plot for instruction 0x1880 operand 4 (p=0.003323)
[2025-10-29T21:04:02Z INFO  analyzer::plot] CDF plot saved to: owl_cdf_plots/instr_0x1880_operand_4_p0.003323.png
[2025-10-29T21:04:02Z INFO  analyzer::plot]   Fixed total accesses: 10
[2025-10-29T21:04:02Z INFO  analyzer::plot]   Random total accesses: 10
[2025-10-29T21:04:02Z INFO  analyzer::plot]   Maximum CDF difference: 0.8000
[2025-10-29T21:04:02Z INFO  analyzer::memory] Generating CDF plot for instruction 0x19b0 operand 54 (p=0.014893)
[2025-10-29T21:04:02Z INFO  analyzer::plot] CDF plot saved to: owl_cdf_plots/instr_0x19b0_operand_54_p0.014893.png
[2025-10-29T21:04:02Z INFO  analyzer::plot]   Fixed total accesses: 10
[2025-10-29T21:04:02Z INFO  analyzer::plot]   Random total accesses: 10
[2025-10-29T21:04:02Z INFO  analyzer::plot]   Maximum CDF difference: 0.7000
[2025-10-29T21:04:02Z INFO  analyzer::memory] Generating CDF plot for instruction 0x1a10 operand 14 (p=0.014893)
[2025-10-29T21:04:02Z INFO  analyzer::plot] CDF plot saved to: owl_cdf_plots/instr_0x1a10_operand_14_p0.014893.png
[2025-10-29T21:04:02Z INFO  analyzer::plot]   Fixed total accesses: 10
[2025-10-29T21:04:02Z INFO  analyzer::plot]   Random total accesses: 10
[2025-10-29T21:04:02Z INFO  analyzer::plot]   Maximum CDF difference: 0.7000
[2025-10-29T21:04:02Z INFO  analyzer::memory] Generating CDF plot for instruction 0x1a10 operand 21 (p=0.014893)
[2025-10-29T21:04:02Z INFO  analyzer::plot] CDF plot saved to: owl_cdf_plots/instr_0x1a10_operand_21_p0.014893.png
[2025-10-29T21:04:02Z INFO  analyzer::plot]   Fixed total accesses: 10
[2025-10-29T21:04:02Z INFO  analyzer::plot]   Random total accesses: 10
[2025-10-29T21:04:02Z INFO  analyzer::plot]   Maximum CDF difference: 0.7000
[2025-10-29T21:04:02Z INFO  analyzer::memory] Generating CDF plot for instruction 0x1ad0 operand 62 (p=0.014893)
[2025-10-29T21:04:02Z INFO  analyzer::plot] CDF plot saved to: owl_cdf_plots/instr_0x1ad0_operand_62_p0.014893.png
[2025-10-29T21:04:02Z INFO  analyzer::plot]   Fixed total accesses: 10
[2025-10-29T21:04:02Z INFO  analyzer::plot]   Random total accesses: 10
[2025-10-29T21:04:02Z INFO  analyzer::plot]   Maximum CDF difference: 0.7000
[2025-10-29T21:04:02Z INFO  analyzer::memory] Generating CDF plot for instruction 0x1b50 operand 29 (p=0.014893)
[2025-10-29T21:04:02Z INFO  analyzer::plot] CDF plot saved to: owl_cdf_plots/instr_0x1b50_operand_29_p0.014893.png
[2025-10-29T21:04:02Z INFO  analyzer::plot]   Fixed total accesses: 10
[2025-10-29T21:04:02Z INFO  analyzer::plot]   Random total accesses: 10
[2025-10-29T21:04:02Z INFO  analyzer::plot]   Maximum CDF difference: 0.7000
[2025-10-29T21:04:02Z INFO  analyzer::memory] Generating CDF plot for instruction 0x1c10 operand 0 (p=0.014893)
[2025-10-29T21:04:02Z INFO  analyzer::plot] CDF plot saved to: owl_cdf_plots/instr_0x1c10_operand_0_p0.014893.png
[2025-10-29T21:04:02Z INFO  analyzer::plot]   Fixed total accesses: 10
[2025-10-29T21:04:02Z INFO  analyzer::plot]   Random total accesses: 10
[2025-10-29T21:04:02Z INFO  analyzer::plot]   Maximum CDF difference: 0.7000
[2025-10-29T21:04:02Z INFO  analyzer::memory] Generating CDF plot for instruction 0x1c10 operand 1 (p=0.014893)
[2025-10-29T21:04:02Z INFO  analyzer::plot] CDF plot saved to: owl_cdf_plots/instr_0x1c10_operand_1_p0.014893.png
[2025-10-29T21:04:02Z INFO  analyzer::plot]   Fixed total accesses: 10
[2025-10-29T21:04:02Z INFO  analyzer::plot]   Random total accesses: 10
[2025-10-29T21:04:02Z INFO  analyzer::plot]   Maximum CDF difference: 0.7000
[2025-10-29T21:04:02Z INFO  analyzer::memory] Generating CDF plot for instruction 0x1c10 operand 2 (p=0.014893)
[2025-10-29T21:04:02Z INFO  analyzer::plot] CDF plot saved to: owl_cdf_plots/instr_0x1c10_operand_2_p0.014893.png
[2025-10-29T21:04:02Z INFO  analyzer::plot]   Fixed total accesses: 10
[2025-10-29T21:04:02Z INFO  analyzer::plot]   Random total accesses: 10
[2025-10-29T21:04:02Z INFO  analyzer::plot]   Maximum CDF difference: 0.7000
[2025-10-29T21:04:02Z INFO  analyzer::memory] Generating CDF plot for instruction 0x1c10 operand 3 (p=0.014893)
[2025-10-29T21:04:02Z INFO  analyzer::plot] CDF plot saved to: owl_cdf_plots/instr_0x1c10_operand_3_p0.014893.png
[2025-10-29T21:04:02Z INFO  analyzer::plot]   Fixed total accesses: 10
[2025-10-29T21:04:02Z INFO  analyzer::plot]   Random total accesses: 10
[2025-10-29T21:04:02Z INFO  analyzer::plot]   Maximum CDF difference: 0.7000
[2025-10-29T21:04:02Z INFO  analyzer::memory] Generating CDF plot for instruction 0x1c10 operand 4 (p=0.014893)
[2025-10-29T21:04:02Z INFO  analyzer::plot] CDF plot saved to: owl_cdf_plots/instr_0x1c10_operand_4_p0.014893.png
[2025-10-29T21:04:02Z INFO  analyzer::plot]   Fixed total accesses: 10
[2025-10-29T21:04:02Z INFO  analyzer::plot]   Random total accesses: 10
[2025-10-29T21:04:02Z INFO  analyzer::plot]   Maximum CDF difference: 0.7000
[2025-10-29T21:04:02Z INFO  analyzer::memory] Generating CDF plot for instruction 0x1c40 operand 0 (p=0.003323)
[2025-10-29T21:04:02Z INFO  analyzer::plot] CDF plot saved to: owl_cdf_plots/instr_0x1c40_operand_0_p0.003323.png
[2025-10-29T21:04:02Z INFO  analyzer::plot]   Fixed total accesses: 10
[2025-10-29T21:04:02Z INFO  analyzer::plot]   Random total accesses: 10
[2025-10-29T21:04:02Z INFO  analyzer::plot]   Maximum CDF difference: 0.8000
[2025-10-29T21:04:02Z INFO  analyzer::memory] Generating CDF plot for instruction 0x1c40 operand 1 (p=0.003323)
[2025-10-29T21:04:02Z INFO  analyzer::plot] CDF plot saved to: owl_cdf_plots/instr_0x1c40_operand_1_p0.003323.png
[2025-10-29T21:04:02Z INFO  analyzer::plot]   Fixed total accesses: 10
[2025-10-29T21:04:02Z INFO  analyzer::plot]   Random total accesses: 10
[2025-10-29T21:04:02Z INFO  analyzer::plot]   Maximum CDF difference: 0.8000
[2025-10-29T21:04:02Z INFO  analyzer::memory] Generating CDF plot for instruction 0x1c40 operand 2 (p=0.003323)
[2025-10-29T21:04:02Z INFO  analyzer::plot] CDF plot saved to: owl_cdf_plots/instr_0x1c40_operand_2_p0.003323.png
[2025-10-29T21:04:02Z INFO  analyzer::plot]   Fixed total accesses: 10
[2025-10-29T21:04:02Z INFO  analyzer::plot]   Random total accesses: 10
[2025-10-29T21:04:02Z INFO  analyzer::plot]   Maximum CDF difference: 0.8000
[2025-10-29T21:04:02Z INFO  analyzer::memory] Generating CDF plot for instruction 0x1c40 operand 3 (p=0.003323)
[2025-10-29T21:04:02Z INFO  analyzer::plot] CDF plot saved to: owl_cdf_plots/instr_0x1c40_operand_3_p0.003323.png
[2025-10-29T21:04:02Z INFO  analyzer::plot]   Fixed total accesses: 10
[2025-10-29T21:04:02Z INFO  analyzer::plot]   Random total accesses: 10
[2025-10-29T21:04:02Z INFO  analyzer::plot]   Maximum CDF difference: 0.8000
[2025-10-29T21:04:02Z INFO  analyzer::memory] Generating CDF plot for instruction 0x1c40 operand 4 (p=0.003323)
[2025-10-29T21:04:02Z INFO  analyzer::plot] CDF plot saved to: owl_cdf_plots/instr_0x1c40_operand_4_p0.003323.png
[2025-10-29T21:04:02Z INFO  analyzer::plot]   Fixed total accesses: 10
[2025-10-29T21:04:02Z INFO  analyzer::plot]   Random total accesses: 10
[2025-10-29T21:04:02Z INFO  analyzer::plot]   Maximum CDF difference: 0.8000
[2025-10-29T21:04:02Z INFO  analyzer::memory] Generating CDF plot for instruction 0x1c50 operand 13 (p=0.014893)
[2025-10-29T21:04:02Z INFO  analyzer::plot] CDF plot saved to: owl_cdf_plots/instr_0x1c50_operand_13_p0.014893.png
[2025-10-29T21:04:02Z INFO  analyzer::plot]   Fixed total accesses: 10
[2025-10-29T21:04:02Z INFO  analyzer::plot]   Random total accesses: 10
[2025-10-29T21:04:02Z INFO  analyzer::plot]   Maximum CDF difference: 0.7000
[2025-10-29T21:04:02Z INFO  analyzer::memory] Generating CDF plot for instruction 0x1c50 operand 42 (p=0.014893)
[2025-10-29T21:04:02Z INFO  analyzer::plot] CDF plot saved to: owl_cdf_plots/instr_0x1c50_operand_42_p0.014893.png
[2025-10-29T21:04:02Z INFO  analyzer::plot]   Fixed total accesses: 10
[2025-10-29T21:04:02Z INFO  analyzer::plot]   Random total accesses: 10
[2025-10-29T21:04:02Z INFO  analyzer::plot]   Maximum CDF difference: 0.7000
[2025-10-29T21:04:02Z INFO  analyzer::memory] Generating CDF plot for instruction 0x1c60 operand 0 (p=0.014893)
[2025-10-29T21:04:02Z INFO  analyzer::plot] CDF plot saved to: owl_cdf_plots/instr_0x1c60_operand_0_p0.014893.png
[2025-10-29T21:04:02Z INFO  analyzer::plot]   Fixed total accesses: 10
[2025-10-29T21:04:02Z INFO  analyzer::plot]   Random total accesses: 10
[2025-10-29T21:04:02Z INFO  analyzer::plot]   Maximum CDF difference: 0.7000
[2025-10-29T21:04:02Z INFO  analyzer::memory] Generating CDF plot for instruction 0x1c60 operand 1 (p=0.014893)
[2025-10-29T21:04:02Z INFO  analyzer::plot] CDF plot saved to: owl_cdf_plots/instr_0x1c60_operand_1_p0.014893.png
[2025-10-29T21:04:02Z INFO  analyzer::plot]   Fixed total accesses: 10
[2025-10-29T21:04:02Z INFO  analyzer::plot]   Random total accesses: 10
[2025-10-29T21:04:02Z INFO  analyzer::plot]   Maximum CDF difference: 0.7000
[2025-10-29T21:04:02Z INFO  analyzer::memory] Generating CDF plot for instruction 0x1c60 operand 2 (p=0.014893)
[2025-10-29T21:04:02Z INFO  analyzer::plot] CDF plot saved to: owl_cdf_plots/instr_0x1c60_operand_2_p0.014893.png
[2025-10-29T21:04:02Z INFO  analyzer::plot]   Fixed total accesses: 10
[2025-10-29T21:04:02Z INFO  analyzer::plot]   Random total accesses: 10
[2025-10-29T21:04:02Z INFO  analyzer::plot]   Maximum CDF difference: 0.7000
[2025-10-29T21:04:02Z INFO  analyzer::memory] Generating CDF plot for instruction 0x1c60 operand 3 (p=0.014893)
[2025-10-29T21:04:02Z INFO  analyzer::plot] CDF plot saved to: owl_cdf_plots/instr_0x1c60_operand_3_p0.014893.png
[2025-10-29T21:04:02Z INFO  analyzer::plot]   Fixed total accesses: 10
[2025-10-29T21:04:02Z INFO  analyzer::plot]   Random total accesses: 10
[2025-10-29T21:04:02Z INFO  analyzer::plot]   Maximum CDF difference: 0.7000
[2025-10-29T21:04:02Z INFO  analyzer::memory] Generating CDF plot for instruction 0x1c60 operand 4 (p=0.014893)
[2025-10-29T21:04:02Z INFO  analyzer::plot] CDF plot saved to: owl_cdf_plots/instr_0x1c60_operand_4_p0.014893.png
[2025-10-29T21:04:02Z INFO  analyzer::plot]   Fixed total accesses: 10
[2025-10-29T21:04:02Z INFO  analyzer::plot]   Random total accesses: 10
[2025-10-29T21:04:02Z INFO  analyzer::plot]   Maximum CDF difference: 0.7000
[2025-10-29T21:04:02Z INFO  analyzer::memory] Generating CDF plot for instruction 0x1d20 operand 0 (p=0.000607)
[2025-10-29T21:04:02Z INFO  analyzer::plot] CDF plot saved to: owl_cdf_plots/instr_0x1d20_operand_0_p0.000607.png
[2025-10-29T21:04:02Z INFO  analyzer::plot]   Fixed total accesses: 10
[2025-10-29T21:04:02Z INFO  analyzer::plot]   Random total accesses: 10
[2025-10-29T21:04:02Z INFO  analyzer::plot]   Maximum CDF difference: 0.9000
[2025-10-29T21:04:02Z INFO  analyzer::memory] Generating CDF plot for instruction 0x1d20 operand 1 (p=0.000607)
[2025-10-29T21:04:02Z INFO  analyzer::plot] CDF plot saved to: owl_cdf_plots/instr_0x1d20_operand_1_p0.000607.png
[2025-10-29T21:04:02Z INFO  analyzer::plot]   Fixed total accesses: 10
[2025-10-29T21:04:02Z INFO  analyzer::plot]   Random total accesses: 10
[2025-10-29T21:04:02Z INFO  analyzer::plot]   Maximum CDF difference: 0.9000
[2025-10-29T21:04:02Z INFO  analyzer::memory] Generating CDF plot for instruction 0x1d20 operand 2 (p=0.000607)
[2025-10-29T21:04:02Z INFO  analyzer::plot] CDF plot saved to: owl_cdf_plots/instr_0x1d20_operand_2_p0.000607.png
[2025-10-29T21:04:02Z INFO  analyzer::plot]   Fixed total accesses: 10
[2025-10-29T21:04:02Z INFO  analyzer::plot]   Random total accesses: 10
[2025-10-29T21:04:02Z INFO  analyzer::plot]   Maximum CDF difference: 0.9000
[2025-10-29T21:04:02Z INFO  analyzer::memory] Generating CDF plot for instruction 0x1d20 operand 3 (p=0.000607)
[2025-10-29T21:04:02Z INFO  analyzer::plot] CDF plot saved to: owl_cdf_plots/instr_0x1d20_operand_3_p0.000607.png
[2025-10-29T21:04:02Z INFO  analyzer::plot]   Fixed total accesses: 10
[2025-10-29T21:04:02Z INFO  analyzer::plot]   Random total accesses: 10
[2025-10-29T21:04:02Z INFO  analyzer::plot]   Maximum CDF difference: 0.9000
[2025-10-29T21:04:02Z INFO  analyzer::memory] Generating CDF plot for instruction 0x1d20 operand 4 (p=0.000607)
[2025-10-29T21:04:02Z INFO  analyzer::plot] CDF plot saved to: owl_cdf_plots/instr_0x1d20_operand_4_p0.000607.png
[2025-10-29T21:04:02Z INFO  analyzer::plot]   Fixed total accesses: 10
[2025-10-29T21:04:02Z INFO  analyzer::plot]   Random total accesses: 10
[2025-10-29T21:04:02Z INFO  analyzer::plot]   Maximum CDF difference: 0.9000
[2025-10-29T21:04:02Z INFO  analyzer::memory] Generating CDF plot for instruction 0x1d50 operand 6 (p=0.014893)
[2025-10-29T21:04:02Z INFO  analyzer::plot] CDF plot saved to: owl_cdf_plots/instr_0x1d50_operand_6_p0.014893.png
[2025-10-29T21:04:02Z INFO  analyzer::plot]   Fixed total accesses: 10
[2025-10-29T21:04:02Z INFO  analyzer::plot]   Random total accesses: 10
[2025-10-29T21:04:02Z INFO  analyzer::plot]   Maximum CDF difference: 0.7000
[2025-10-29T21:04:02Z INFO  analyzer::memory] Generating CDF plot for instruction 0x1d50 operand 9 (p=0.014893)
[2025-10-29T21:04:02Z INFO  analyzer::plot] CDF plot saved to: owl_cdf_plots/instr_0x1d50_operand_9_p0.014893.png
[2025-10-29T21:04:02Z INFO  analyzer::plot]   Fixed total accesses: 10
[2025-10-29T21:04:02Z INFO  analyzer::plot]   Random total accesses: 10
[2025-10-29T21:04:02Z INFO  analyzer::plot]   Maximum CDF difference: 0.7000
[2025-10-29T21:04:02Z INFO  analyzer::memory] Generating CDF plot for instruction 0x1d50 operand 61 (p=0.014893)
[2025-10-29T21:04:02Z INFO  analyzer::plot] CDF plot saved to: owl_cdf_plots/instr_0x1d50_operand_61_p0.014893.png
[2025-10-29T21:04:02Z INFO  analyzer::plot]   Fixed total accesses: 10
[2025-10-29T21:04:02Z INFO  analyzer::plot]   Random total accesses: 10
[2025-10-29T21:04:02Z INFO  analyzer::plot]   Maximum CDF difference: 0.7000
[2025-10-29T21:04:02Z INFO  analyzer::memory] Generating CDF plot for instruction 0x1d70 operand 31 (p=0.014893)
[2025-10-29T21:04:02Z INFO  analyzer::plot] CDF plot saved to: owl_cdf_plots/instr_0x1d70_operand_31_p0.014893.png
[2025-10-29T21:04:02Z INFO  analyzer::plot]   Fixed total accesses: 10
[2025-10-29T21:04:02Z INFO  analyzer::plot]   Random total accesses: 10
[2025-10-29T21:04:02Z INFO  analyzer::plot]   Maximum CDF difference: 0.7000
[2025-10-29T21:04:02Z INFO  analyzer::memory] Generating CDF plot for instruction 0x1d80 operand 25 (p=0.014893)
[2025-10-29T21:04:02Z INFO  analyzer::plot] CDF plot saved to: owl_cdf_plots/instr_0x1d80_operand_25_p0.014893.png
[2025-10-29T21:04:02Z INFO  analyzer::plot]   Fixed total accesses: 10
[2025-10-29T21:04:02Z INFO  analyzer::plot]   Random total accesses: 10
[2025-10-29T21:04:02Z INFO  analyzer::plot]   Maximum CDF difference: 0.7000
[2025-10-29T21:04:02Z INFO  analyzer::memory] Generating CDF plot for instruction 0x1d90 operand 33 (p=0.014893)
[2025-10-29T21:04:02Z INFO  analyzer::plot] CDF plot saved to: owl_cdf_plots/instr_0x1d90_operand_33_p0.014893.png
[2025-10-29T21:04:02Z INFO  analyzer::plot]   Fixed total accesses: 10
[2025-10-29T21:04:02Z INFO  analyzer::plot]   Random total accesses: 10
[2025-10-29T21:04:02Z INFO  analyzer::plot]   Maximum CDF difference: 0.7000
[2025-10-29T21:04:02Z INFO  analyzer::memory] Generating CDF plot for instruction 0x1d90 operand 49 (p=0.003323)
[2025-10-29T21:04:02Z INFO  analyzer::plot] CDF plot saved to: owl_cdf_plots/instr_0x1d90_operand_49_p0.003323.png
[2025-10-29T21:04:02Z INFO  analyzer::plot]   Fixed total accesses: 10
[2025-10-29T21:04:02Z INFO  analyzer::plot]   Random total accesses: 10
[2025-10-29T21:04:02Z INFO  analyzer::plot]   Maximum CDF difference: 0.8000
[2025-10-29T21:04:02Z INFO  analyzer::memory] Generating CDF plot for instruction 0x1df0 operand 24 (p=0.014893)
[2025-10-29T21:04:02Z INFO  analyzer::plot] CDF plot saved to: owl_cdf_plots/instr_0x1df0_operand_24_p0.014893.png
[2025-10-29T21:04:02Z INFO  analyzer::plot]   Fixed total accesses: 10
[2025-10-29T21:04:02Z INFO  analyzer::plot]   Random total accesses: 10
[2025-10-29T21:04:02Z INFO  analyzer::plot]   Maximum CDF difference: 0.7000
[2025-10-29T21:04:02Z INFO  analyzer::memory] Generating CDF plot for instruction 0x1df0 operand 39 (p=0.014893)
[2025-10-29T21:04:02Z INFO  analyzer::plot] CDF plot saved to: owl_cdf_plots/instr_0x1df0_operand_39_p0.014893.png
[2025-10-29T21:04:02Z INFO  analyzer::plot]   Fixed total accesses: 10
[2025-10-29T21:04:02Z INFO  analyzer::plot]   Random total accesses: 10
[2025-10-29T21:04:02Z INFO  analyzer::plot]   Maximum CDF difference: 0.7000
[2025-10-29T21:04:02Z INFO  analyzer::memory] Generating CDF plot for instruction 0x1e40 operand 10 (p=0.014893)
[2025-10-29T21:04:02Z INFO  analyzer::plot] CDF plot saved to: owl_cdf_plots/instr_0x1e40_operand_10_p0.014893.png
[2025-10-29T21:04:02Z INFO  analyzer::plot]   Fixed total accesses: 10
[2025-10-29T21:04:02Z INFO  analyzer::plot]   Random total accesses: 10
[2025-10-29T21:04:02Z INFO  analyzer::plot]   Maximum CDF difference: 0.7000
[2025-10-29T21:04:02Z INFO  analyzer::memory] Generating CDF plot for instruction 0x1e40 operand 26 (p=0.003323)
[2025-10-29T21:04:02Z INFO  analyzer::plot] CDF plot saved to: owl_cdf_plots/instr_0x1e40_operand_26_p0.003323.png
[2025-10-29T21:04:02Z INFO  analyzer::plot]   Fixed total accesses: 10
[2025-10-29T21:04:02Z INFO  analyzer::plot]   Random total accesses: 10
[2025-10-29T21:04:02Z INFO  analyzer::plot]   Maximum CDF difference: 0.8000
[2025-10-29T21:04:02Z INFO  analyzer::memory] Generating CDF plot for instruction 0x1e40 operand 44 (p=0.014893)
[2025-10-29T21:04:02Z INFO  analyzer::plot] CDF plot saved to: owl_cdf_plots/instr_0x1e40_operand_44_p0.014893.png
[2025-10-29T21:04:02Z INFO  analyzer::plot]   Fixed total accesses: 10
[2025-10-29T21:04:02Z INFO  analyzer::plot]   Random total accesses: 10
[2025-10-29T21:04:02Z INFO  analyzer::plot]   Maximum CDF difference: 0.7000
[2025-10-29T21:04:02Z INFO  analyzer::memory] Generating CDF plot for instruction 0x1f00 operand 25 (p=0.014893)
[2025-10-29T21:04:02Z INFO  analyzer::plot] CDF plot saved to: owl_cdf_plots/instr_0x1f00_operand_25_p0.014893.png
[2025-10-29T21:04:02Z INFO  analyzer::plot]   Fixed total accesses: 10
[2025-10-29T21:04:02Z INFO  analyzer::plot]   Random total accesses: 10
[2025-10-29T21:04:02Z INFO  analyzer::plot]   Maximum CDF difference: 0.7000
[2025-10-29T21:04:02Z INFO  analyzer::memory] Generating CDF plot for instruction 0x1f00 operand 29 (p=0.014893)
[2025-10-29T21:04:02Z INFO  analyzer::plot] CDF plot saved to: owl_cdf_plots/instr_0x1f00_operand_29_p0.014893.png
[2025-10-29T21:04:02Z INFO  analyzer::plot]   Fixed total accesses: 10
[2025-10-29T21:04:02Z INFO  analyzer::plot]   Random total accesses: 10
[2025-10-29T21:04:02Z INFO  analyzer::plot]   Maximum CDF difference: 0.7000
[2025-10-29T21:04:02Z INFO  analyzer::memory] Generating CDF plot for instruction 0x1f10 operand 7 (p=0.014893)
[2025-10-29T21:04:02Z INFO  analyzer::plot] CDF plot saved to: owl_cdf_plots/instr_0x1f10_operand_7_p0.014893.png
[2025-10-29T21:04:02Z INFO  analyzer::plot]   Fixed total accesses: 10
[2025-10-29T21:04:02Z INFO  analyzer::plot]   Random total accesses: 10
[2025-10-29T21:04:02Z INFO  analyzer::plot]   Maximum CDF difference: 0.7000
[2025-10-29T21:04:02Z INFO  analyzer::memory] Generating CDF plot for instruction 0x1f80 operand 36 (p=0.014893)
[2025-10-29T21:04:02Z INFO  analyzer::plot] CDF plot saved to: owl_cdf_plots/instr_0x1f80_operand_36_p0.014893.png
[2025-10-29T21:04:02Z INFO  analyzer::plot]   Fixed total accesses: 10
[2025-10-29T21:04:02Z INFO  analyzer::plot]   Random total accesses: 10
[2025-10-29T21:04:02Z INFO  analyzer::plot]   Maximum CDF difference: 0.7000
[2025-10-29T21:04:02Z INFO  analyzer::memory] Generating CDF plot for instruction 0x1f80 operand 56 (p=0.014893)
[2025-10-29T21:04:02Z INFO  analyzer::plot] CDF plot saved to: owl_cdf_plots/instr_0x1f80_operand_56_p0.014893.png
[2025-10-29T21:04:02Z INFO  analyzer::plot]   Fixed total accesses: 10
[2025-10-29T21:04:02Z INFO  analyzer::plot]   Random total accesses: 10
[2025-10-29T21:04:02Z INFO  analyzer::plot]   Maximum CDF difference: 0.7000
[2025-10-29T21:04:02Z INFO  analyzer::memory] Generating CDF plot for instruction 0x1f90 operand 13 (p=0.014893)
[2025-10-29T21:04:02Z INFO  analyzer::plot] CDF plot saved to: owl_cdf_plots/instr_0x1f90_operand_13_p0.014893.png
[2025-10-29T21:04:02Z INFO  analyzer::plot]   Fixed total accesses: 10
[2025-10-29T21:04:02Z INFO  analyzer::plot]   Random total accesses: 10
[2025-10-29T21:04:02Z INFO  analyzer::plot]   Maximum CDF difference: 0.7000
[2025-10-29T21:04:02Z INFO  analyzer::memory] Generating CDF plot for instruction 0x1f90 operand 53 (p=0.003323)
[2025-10-29T21:04:02Z INFO  analyzer::plot] CDF plot saved to: owl_cdf_plots/instr_0x1f90_operand_53_p0.003323.png
[2025-10-29T21:04:02Z INFO  analyzer::plot]   Fixed total accesses: 10
[2025-10-29T21:04:02Z INFO  analyzer::plot]   Random total accesses: 10
[2025-10-29T21:04:02Z INFO  analyzer::plot]   Maximum CDF difference: 0.8000
[2025-10-29T21:04:02Z INFO  analyzer::memory] Generating CDF plot for instruction 0x1ff0 operand 52 (p=0.014893)
[2025-10-29T21:04:02Z INFO  analyzer::plot] CDF plot saved to: owl_cdf_plots/instr_0x1ff0_operand_52_p0.014893.png
[2025-10-29T21:04:02Z INFO  analyzer::plot]   Fixed total accesses: 10
[2025-10-29T21:04:02Z INFO  analyzer::plot]   Random total accesses: 10
[2025-10-29T21:04:02Z INFO  analyzer::plot]   Maximum CDF difference: 0.7000
[2025-10-29T21:04:02Z INFO  analyzer::memory] Generating CDF plot for instruction 0x2010 operand 38 (p=0.014893)
[2025-10-29T21:04:02Z INFO  analyzer::plot] CDF plot saved to: owl_cdf_plots/instr_0x2010_operand_38_p0.014893.png
[2025-10-29T21:04:02Z INFO  analyzer::plot]   Fixed total accesses: 10
[2025-10-29T21:04:02Z INFO  analyzer::plot]   Random total accesses: 10
[2025-10-29T21:04:02Z INFO  analyzer::plot]   Maximum CDF difference: 0.7000
[2025-10-29T21:04:02Z INFO  analyzer::memory] Generating CDF plot for instruction 0x2080 operand 0 (p=0.000607)
[2025-10-29T21:04:02Z INFO  analyzer::plot] CDF plot saved to: owl_cdf_plots/instr_0x2080_operand_0_p0.000607.png
[2025-10-29T21:04:02Z INFO  analyzer::plot]   Fixed total accesses: 10
[2025-10-29T21:04:02Z INFO  analyzer::plot]   Random total accesses: 10
[2025-10-29T21:04:02Z INFO  analyzer::plot]   Maximum CDF difference: 0.9000
[2025-10-29T21:04:02Z INFO  analyzer::memory] Generating CDF plot for instruction 0x2080 operand 1 (p=0.000607)
[2025-10-29T21:04:02Z INFO  analyzer::plot] CDF plot saved to: owl_cdf_plots/instr_0x2080_operand_1_p0.000607.png
[2025-10-29T21:04:02Z INFO  analyzer::plot]   Fixed total accesses: 10
[2025-10-29T21:04:02Z INFO  analyzer::plot]   Random total accesses: 10
[2025-10-29T21:04:02Z INFO  analyzer::plot]   Maximum CDF difference: 0.9000
[2025-10-29T21:04:02Z INFO  analyzer::memory] Generating CDF plot for instruction 0x2080 operand 2 (p=0.000607)
[2025-10-29T21:04:02Z INFO  analyzer::plot] CDF plot saved to: owl_cdf_plots/instr_0x2080_operand_2_p0.000607.png
[2025-10-29T21:04:02Z INFO  analyzer::plot]   Fixed total accesses: 10
[2025-10-29T21:04:02Z INFO  analyzer::plot]   Random total accesses: 10
[2025-10-29T21:04:02Z INFO  analyzer::plot]   Maximum CDF difference: 0.9000
[2025-10-29T21:04:02Z INFO  analyzer::memory] Generating CDF plot for instruction 0x2080 operand 3 (p=0.000607)
[2025-10-29T21:04:02Z INFO  analyzer::plot] CDF plot saved to: owl_cdf_plots/instr_0x2080_operand_3_p0.000607.png
[2025-10-29T21:04:02Z INFO  analyzer::plot]   Fixed total accesses: 10
[2025-10-29T21:04:02Z INFO  analyzer::plot]   Random total accesses: 10
[2025-10-29T21:04:02Z INFO  analyzer::plot]   Maximum CDF difference: 0.9000
[2025-10-29T21:04:02Z INFO  analyzer::memory] Generating CDF plot for instruction 0x2080 operand 4 (p=0.000607)
[2025-10-29T21:04:02Z INFO  analyzer::plot] CDF plot saved to: owl_cdf_plots/instr_0x2080_operand_4_p0.000607.png
[2025-10-29T21:04:02Z INFO  analyzer::plot]   Fixed total accesses: 10
[2025-10-29T21:04:02Z INFO  analyzer::plot]   Random total accesses: 10
[2025-10-29T21:04:02Z INFO  analyzer::plot]   Maximum CDF difference: 0.9000
[2025-10-29T21:04:02Z INFO  analyzer::memory] Generating CDF plot for instruction 0x20f0 operand 0 (p=0.000607)
[2025-10-29T21:04:02Z INFO  analyzer::plot] CDF plot saved to: owl_cdf_plots/instr_0x20f0_operand_0_p0.000607.png
[2025-10-29T21:04:02Z INFO  analyzer::plot]   Fixed total accesses: 10
[2025-10-29T21:04:02Z INFO  analyzer::plot]   Random total accesses: 10
[2025-10-29T21:04:02Z INFO  analyzer::plot]   Maximum CDF difference: 0.9000
[2025-10-29T21:04:02Z INFO  analyzer::memory] Generating CDF plot for instruction 0x20f0 operand 1 (p=0.000607)
[2025-10-29T21:04:02Z INFO  analyzer::plot] CDF plot saved to: owl_cdf_plots/instr_0x20f0_operand_1_p0.000607.png
[2025-10-29T21:04:02Z INFO  analyzer::plot]   Fixed total accesses: 10
[2025-10-29T21:04:02Z INFO  analyzer::plot]   Random total accesses: 10
[2025-10-29T21:04:02Z INFO  analyzer::plot]   Maximum CDF difference: 0.9000
[2025-10-29T21:04:02Z INFO  analyzer::memory] Generating CDF plot for instruction 0x20f0 operand 2 (p=0.000607)
[2025-10-29T21:04:02Z INFO  analyzer::plot] CDF plot saved to: owl_cdf_plots/instr_0x20f0_operand_2_p0.000607.png
[2025-10-29T21:04:02Z INFO  analyzer::plot]   Fixed total accesses: 10
[2025-10-29T21:04:02Z INFO  analyzer::plot]   Random total accesses: 10
[2025-10-29T21:04:02Z INFO  analyzer::plot]   Maximum CDF difference: 0.9000
[2025-10-29T21:04:02Z INFO  analyzer::memory] Generating CDF plot for instruction 0x20f0 operand 3 (p=0.000607)
[2025-10-29T21:04:02Z INFO  analyzer::plot] CDF plot saved to: owl_cdf_plots/instr_0x20f0_operand_3_p0.000607.png
[2025-10-29T21:04:02Z INFO  analyzer::plot]   Fixed total accesses: 10
[2025-10-29T21:04:02Z INFO  analyzer::plot]   Random total accesses: 10
[2025-10-29T21:04:02Z INFO  analyzer::plot]   Maximum CDF difference: 0.9000
[2025-10-29T21:04:02Z INFO  analyzer::memory] Generating CDF plot for instruction 0x20f0 operand 4 (p=0.000607)
[2025-10-29T21:04:02Z INFO  analyzer::plot] CDF plot saved to: owl_cdf_plots/instr_0x20f0_operand_4_p0.000607.png
[2025-10-29T21:04:02Z INFO  analyzer::plot]   Fixed total accesses: 10
[2025-10-29T21:04:02Z INFO  analyzer::plot]   Random total accesses: 10
[2025-10-29T21:04:02Z INFO  analyzer::plot]   Maximum CDF difference: 0.9000
[2025-10-29T21:04:02Z INFO  analyzer::memory] Generating CDF plot for instruction 0x2150 operand 29 (p=0.003323)
[2025-10-29T21:04:02Z INFO  analyzer::plot] CDF plot saved to: owl_cdf_plots/instr_0x2150_operand_29_p0.003323.png
[2025-10-29T21:04:02Z INFO  analyzer::plot]   Fixed total accesses: 10
[2025-10-29T21:04:02Z INFO  analyzer::plot]   Random total accesses: 10
[2025-10-29T21:04:02Z INFO  analyzer::plot]   Maximum CDF difference: 0.8000
[2025-10-29T21:04:02Z INFO  analyzer::memory] Generating CDF plot for instruction 0x2150 operand 47 (p=0.014893)
[2025-10-29T21:04:02Z INFO  analyzer::plot] CDF plot saved to: owl_cdf_plots/instr_0x2150_operand_47_p0.014893.png
[2025-10-29T21:04:02Z INFO  analyzer::plot]   Fixed total accesses: 10
[2025-10-29T21:04:02Z INFO  analyzer::plot]   Random total accesses: 10
[2025-10-29T21:04:02Z INFO  analyzer::plot]   Maximum CDF difference: 0.7000
[2025-10-29T21:04:02Z INFO  analyzer::memory] Generating CDF plot for instruction 0x2180 operand 0 (p=0.000091)
[2025-10-29T21:04:02Z INFO  analyzer::plot] CDF plot saved to: owl_cdf_plots/instr_0x2180_operand_0_p0.000091.png
[2025-10-29T21:04:02Z INFO  analyzer::plot]   Fixed total accesses: 10
[2025-10-29T21:04:02Z INFO  analyzer::plot]   Random total accesses: 10
[2025-10-29T21:04:02Z INFO  analyzer::plot]   Maximum CDF difference: 1.0000
[2025-10-29T21:04:02Z INFO  analyzer::memory] Generating CDF plot for instruction 0x2180 operand 1 (p=0.000091)
[2025-10-29T21:04:02Z INFO  analyzer::plot] CDF plot saved to: owl_cdf_plots/instr_0x2180_operand_1_p0.000091.png
[2025-10-29T21:04:02Z INFO  analyzer::plot]   Fixed total accesses: 10
[2025-10-29T21:04:02Z INFO  analyzer::plot]   Random total accesses: 10
[2025-10-29T21:04:02Z INFO  analyzer::plot]   Maximum CDF difference: 1.0000
[2025-10-29T21:04:02Z INFO  analyzer::memory] Generating CDF plot for instruction 0x2180 operand 2 (p=0.000091)
[2025-10-29T21:04:02Z INFO  analyzer::plot] CDF plot saved to: owl_cdf_plots/instr_0x2180_operand_2_p0.000091.png
[2025-10-29T21:04:02Z INFO  analyzer::plot]   Fixed total accesses: 10
[2025-10-29T21:04:02Z INFO  analyzer::plot]   Random total accesses: 10
[2025-10-29T21:04:02Z INFO  analyzer::plot]   Maximum CDF difference: 1.0000
[2025-10-29T21:04:02Z INFO  analyzer::memory] Generating CDF plot for instruction 0x2180 operand 3 (p=0.000091)
[2025-10-29T21:04:02Z INFO  analyzer::plot] CDF plot saved to: owl_cdf_plots/instr_0x2180_operand_3_p0.000091.png
[2025-10-29T21:04:02Z INFO  analyzer::plot]   Fixed total accesses: 10
[2025-10-29T21:04:02Z INFO  analyzer::plot]   Random total accesses: 10
[2025-10-29T21:04:02Z INFO  analyzer::plot]   Maximum CDF difference: 1.0000
[2025-10-29T21:04:02Z INFO  analyzer::memory] Generating CDF plot for instruction 0x2180 operand 4 (p=0.000091)
[2025-10-29T21:04:02Z INFO  analyzer::plot] CDF plot saved to: owl_cdf_plots/instr_0x2180_operand_4_p0.000091.png
[2025-10-29T21:04:02Z INFO  analyzer::plot]   Fixed total accesses: 10
[2025-10-29T21:04:02Z INFO  analyzer::plot]   Random total accesses: 10
[2025-10-29T21:04:02Z INFO  analyzer::plot]   Maximum CDF difference: 1.0000
[2025-10-29T21:04:02Z INFO  analyzer::memory] Generating CDF plot for instruction 0x2270 operand 14 (p=0.014893)
[2025-10-29T21:04:02Z INFO  analyzer::plot] CDF plot saved to: owl_cdf_plots/instr_0x2270_operand_14_p0.014893.png
[2025-10-29T21:04:02Z INFO  analyzer::plot]   Fixed total accesses: 10
[2025-10-29T21:04:02Z INFO  analyzer::plot]   Random total accesses: 10
[2025-10-29T21:04:02Z INFO  analyzer::plot]   Maximum CDF difference: 0.7000
[2025-10-29T21:04:02Z INFO  analyzer::memory] Generating CDF plot for instruction 0x2270 operand 32 (p=0.014893)
[2025-10-29T21:04:02Z INFO  analyzer::plot] CDF plot saved to: owl_cdf_plots/instr_0x2270_operand_32_p0.014893.png
[2025-10-29T21:04:02Z INFO  analyzer::plot]   Fixed total accesses: 10
[2025-10-29T21:04:02Z INFO  analyzer::plot]   Random total accesses: 10
[2025-10-29T21:04:02Z INFO  analyzer::plot]   Maximum CDF difference: 0.7000
[2025-10-29T21:04:02Z INFO  analyzer::memory] Generating CDF plot for instruction 0x22e0 operand 17 (p=0.014893)
[2025-10-29T21:04:02Z INFO  analyzer::plot] CDF plot saved to: owl_cdf_plots/instr_0x22e0_operand_17_p0.014893.png
[2025-10-29T21:04:02Z INFO  analyzer::plot]   Fixed total accesses: 10
[2025-10-29T21:04:02Z INFO  analyzer::plot]   Random total accesses: 10
[2025-10-29T21:04:02Z INFO  analyzer::plot]   Maximum CDF difference: 0.7000
[2025-10-29T21:04:02Z INFO  analyzer::memory] Generating CDF plot for instruction 0x2320 operand 21 (p=0.014893)
[2025-10-29T21:04:02Z INFO  analyzer::plot] CDF plot saved to: owl_cdf_plots/instr_0x2320_operand_21_p0.014893.png
[2025-10-29T21:04:02Z INFO  analyzer::plot]   Fixed total accesses: 10
[2025-10-29T21:04:02Z INFO  analyzer::plot]   Random total accesses: 10
[2025-10-29T21:04:02Z INFO  analyzer::plot]   Maximum CDF difference: 0.7000
[2025-10-29T21:04:02Z INFO  analyzer::memory] Generating CDF plot for instruction 0x2320 operand 25 (p=0.014893)
[2025-10-29T21:04:02Z INFO  analyzer::plot] CDF plot saved to: owl_cdf_plots/instr_0x2320_operand_25_p0.014893.png
[2025-10-29T21:04:02Z INFO  analyzer::plot]   Fixed total accesses: 10
[2025-10-29T21:04:02Z INFO  analyzer::plot]   Random total accesses: 10
[2025-10-29T21:04:02Z INFO  analyzer::plot]   Maximum CDF difference: 0.7000
[2025-10-29T21:04:02Z INFO  analyzer::memory] Generating CDF plot for instruction 0x2320 operand 44 (p=0.014893)
[2025-10-29T21:04:02Z INFO  analyzer::plot] CDF plot saved to: owl_cdf_plots/instr_0x2320_operand_44_p0.014893.png
[2025-10-29T21:04:02Z INFO  analyzer::plot]   Fixed total accesses: 10
[2025-10-29T21:04:02Z INFO  analyzer::plot]   Random total accesses: 10
[2025-10-29T21:04:02Z INFO  analyzer::plot]   Maximum CDF difference: 0.7000
[2025-10-29T21:04:02Z INFO  analyzer::memory] Generating CDF plot for instruction 0x23c0 operand 33 (p=0.014893)
[2025-10-29T21:04:02Z INFO  analyzer::plot] CDF plot saved to: owl_cdf_plots/instr_0x23c0_operand_33_p0.014893.png
[2025-10-29T21:04:02Z INFO  analyzer::plot]   Fixed total accesses: 10
[2025-10-29T21:04:02Z INFO  analyzer::plot]   Random total accesses: 10
[2025-10-29T21:04:02Z INFO  analyzer::plot]   Maximum CDF difference: 0.7000
[2025-10-29T21:04:02Z INFO  analyzer::memory] Generating CDF plot for instruction 0x23e0 operand 4 (p=0.014893)
[2025-10-29T21:04:02Z INFO  analyzer::plot] CDF plot saved to: owl_cdf_plots/instr_0x23e0_operand_4_p0.014893.png
[2025-10-29T21:04:02Z INFO  analyzer::plot]   Fixed total accesses: 10
[2025-10-29T21:04:02Z INFO  analyzer::plot]   Random total accesses: 10
[2025-10-29T21:04:02Z INFO  analyzer::plot]   Maximum CDF difference: 0.7000
[2025-10-29T21:04:02Z INFO  analyzer::memory] Generating CDF plot for instruction 0x2490 operand 0 (p=0.000091)
[2025-10-29T21:04:02Z INFO  analyzer::plot] CDF plot saved to: owl_cdf_plots/instr_0x2490_operand_0_p0.000091.png
[2025-10-29T21:04:02Z INFO  analyzer::plot]   Fixed total accesses: 10
[2025-10-29T21:04:02Z INFO  analyzer::plot]   Random total accesses: 10
[2025-10-29T21:04:02Z INFO  analyzer::plot]   Maximum CDF difference: 1.0000
[2025-10-29T21:04:02Z INFO  analyzer::memory] Generating CDF plot for instruction 0x2490 operand 1 (p=0.000091)
[2025-10-29T21:04:02Z INFO  analyzer::plot] CDF plot saved to: owl_cdf_plots/instr_0x2490_operand_1_p0.000091.png
[2025-10-29T21:04:02Z INFO  analyzer::plot]   Fixed total accesses: 10
[2025-10-29T21:04:02Z INFO  analyzer::plot]   Random total accesses: 10
[2025-10-29T21:04:02Z INFO  analyzer::plot]   Maximum CDF difference: 1.0000
[2025-10-29T21:04:02Z INFO  analyzer::memory] Generating CDF plot for instruction 0x2490 operand 2 (p=0.000091)
[2025-10-29T21:04:02Z INFO  analyzer::plot] CDF plot saved to: owl_cdf_plots/instr_0x2490_operand_2_p0.000091.png
[2025-10-29T21:04:02Z INFO  analyzer::plot]   Fixed total accesses: 10
[2025-10-29T21:04:02Z INFO  analyzer::plot]   Random total accesses: 10
[2025-10-29T21:04:02Z INFO  analyzer::plot]   Maximum CDF difference: 1.0000
[2025-10-29T21:04:02Z INFO  analyzer::memory] Generating CDF plot for instruction 0x2490 operand 3 (p=0.000091)
[2025-10-29T21:04:02Z INFO  analyzer::plot] CDF plot saved to: owl_cdf_plots/instr_0x2490_operand_3_p0.000091.png
[2025-10-29T21:04:02Z INFO  analyzer::plot]   Fixed total accesses: 10
[2025-10-29T21:04:02Z INFO  analyzer::plot]   Random total accesses: 10
[2025-10-29T21:04:02Z INFO  analyzer::plot]   Maximum CDF difference: 1.0000
[2025-10-29T21:04:02Z INFO  analyzer::memory] Generating CDF plot for instruction 0x2490 operand 4 (p=0.000091)
[2025-10-29T21:04:02Z INFO  analyzer::plot] CDF plot saved to: owl_cdf_plots/instr_0x2490_operand_4_p0.000091.png
[2025-10-29T21:04:02Z INFO  analyzer::plot]   Fixed total accesses: 10
[2025-10-29T21:04:02Z INFO  analyzer::plot]   Random total accesses: 10
[2025-10-29T21:04:02Z INFO  analyzer::plot]   Maximum CDF difference: 1.0000
[2025-10-29T21:04:02Z INFO  analyzer::memory] Generating CDF plot for instruction 0x2560 operand 0 (p=0.003323)
[2025-10-29T21:04:02Z INFO  analyzer::plot] CDF plot saved to: owl_cdf_plots/instr_0x2560_operand_0_p0.003323.png
[2025-10-29T21:04:02Z INFO  analyzer::plot]   Fixed total accesses: 10
[2025-10-29T21:04:02Z INFO  analyzer::plot]   Random total accesses: 10
[2025-10-29T21:04:02Z INFO  analyzer::plot]   Maximum CDF difference: 0.8000
[2025-10-29T21:04:02Z INFO  analyzer::memory] Generating CDF plot for instruction 0x2560 operand 1 (p=0.003323)
[2025-10-29T21:04:02Z INFO  analyzer::plot] CDF plot saved to: owl_cdf_plots/instr_0x2560_operand_1_p0.003323.png
[2025-10-29T21:04:02Z INFO  analyzer::plot]   Fixed total accesses: 10
[2025-10-29T21:04:02Z INFO  analyzer::plot]   Random total accesses: 10
[2025-10-29T21:04:02Z INFO  analyzer::plot]   Maximum CDF difference: 0.8000
[2025-10-29T21:04:02Z INFO  analyzer::memory] Generating CDF plot for instruction 0x2560 operand 2 (p=0.003323)
[2025-10-29T21:04:02Z INFO  analyzer::plot] CDF plot saved to: owl_cdf_plots/instr_0x2560_operand_2_p0.003323.png
[2025-10-29T21:04:02Z INFO  analyzer::plot]   Fixed total accesses: 10
[2025-10-29T21:04:02Z INFO  analyzer::plot]   Random total accesses: 10
[2025-10-29T21:04:02Z INFO  analyzer::plot]   Maximum CDF difference: 0.8000
[2025-10-29T21:04:02Z INFO  analyzer::memory] Generating CDF plot for instruction 0x2560 operand 3 (p=0.003323)
[2025-10-29T21:04:02Z INFO  analyzer::plot] CDF plot saved to: owl_cdf_plots/instr_0x2560_operand_3_p0.003323.png
[2025-10-29T21:04:02Z INFO  analyzer::plot]   Fixed total accesses: 10
[2025-10-29T21:04:02Z INFO  analyzer::plot]   Random total accesses: 10
[2025-10-29T21:04:02Z INFO  analyzer::plot]   Maximum CDF difference: 0.8000
[2025-10-29T21:04:02Z INFO  analyzer::memory] Generating CDF plot for instruction 0x2560 operand 4 (p=0.003323)
[2025-10-29T21:04:02Z INFO  analyzer::plot] CDF plot saved to: owl_cdf_plots/instr_0x2560_operand_4_p0.003323.png
[2025-10-29T21:04:02Z INFO  analyzer::plot]   Fixed total accesses: 10
[2025-10-29T21:04:02Z INFO  analyzer::plot]   Random total accesses: 10
[2025-10-29T21:04:02Z INFO  analyzer::plot]   Maximum CDF difference: 0.8000
[2025-10-29T21:04:02Z INFO  analyzer::memory] Generating CDF plot for instruction 0x2660 operand 0 (p=0.000607)
[2025-10-29T21:04:02Z INFO  analyzer::plot] CDF plot saved to: owl_cdf_plots/instr_0x2660_operand_0_p0.000607.png
[2025-10-29T21:04:02Z INFO  analyzer::plot]   Fixed total accesses: 10
[2025-10-29T21:04:02Z INFO  analyzer::plot]   Random total accesses: 10
[2025-10-29T21:04:02Z INFO  analyzer::plot]   Maximum CDF difference: 0.9000
[2025-10-29T21:04:02Z INFO  analyzer::memory] Generating CDF plot for instruction 0x2660 operand 1 (p=0.000607)
[2025-10-29T21:04:02Z INFO  analyzer::plot] CDF plot saved to: owl_cdf_plots/instr_0x2660_operand_1_p0.000607.png
[2025-10-29T21:04:02Z INFO  analyzer::plot]   Fixed total accesses: 10
[2025-10-29T21:04:02Z INFO  analyzer::plot]   Random total accesses: 10
[2025-10-29T21:04:02Z INFO  analyzer::plot]   Maximum CDF difference: 0.9000
[2025-10-29T21:04:02Z INFO  analyzer::memory] Generating CDF plot for instruction 0x2660 operand 2 (p=0.000607)
[2025-10-29T21:04:02Z INFO  analyzer::plot] CDF plot saved to: owl_cdf_plots/instr_0x2660_operand_2_p0.000607.png
[2025-10-29T21:04:02Z INFO  analyzer::plot]   Fixed total accesses: 10
[2025-10-29T21:04:02Z INFO  analyzer::plot]   Random total accesses: 10
[2025-10-29T21:04:02Z INFO  analyzer::plot]   Maximum CDF difference: 0.9000
[2025-10-29T21:04:02Z INFO  analyzer::memory] Generating CDF plot for instruction 0x2660 operand 3 (p=0.000607)
[2025-10-29T21:04:02Z INFO  analyzer::plot] CDF plot saved to: owl_cdf_plots/instr_0x2660_operand_3_p0.000607.png
[2025-10-29T21:04:02Z INFO  analyzer::plot]   Fixed total accesses: 10
[2025-10-29T21:04:02Z INFO  analyzer::plot]   Random total accesses: 10
[2025-10-29T21:04:02Z INFO  analyzer::plot]   Maximum CDF difference: 0.9000
[2025-10-29T21:04:02Z INFO  analyzer::memory] Generating CDF plot for instruction 0x2660 operand 4 (p=0.000607)
[2025-10-29T21:04:02Z INFO  analyzer::plot] CDF plot saved to: owl_cdf_plots/instr_0x2660_operand_4_p0.000607.png
[2025-10-29T21:04:02Z INFO  analyzer::plot]   Fixed total accesses: 10
[2025-10-29T21:04:02Z INFO  analyzer::plot]   Random total accesses: 10
[2025-10-29T21:04:02Z INFO  analyzer::plot]   Maximum CDF difference: 0.9000
[2025-10-29T21:04:02Z INFO  analyzer::memory] Generating CDF plot for instruction 0x2680 operand 62 (p=0.014893)
[2025-10-29T21:04:02Z INFO  analyzer::plot] CDF plot saved to: owl_cdf_plots/instr_0x2680_operand_62_p0.014893.png
[2025-10-29T21:04:02Z INFO  analyzer::plot]   Fixed total accesses: 10
[2025-10-29T21:04:02Z INFO  analyzer::plot]   Random total accesses: 10
[2025-10-29T21:04:02Z INFO  analyzer::plot]   Maximum CDF difference: 0.7000
[2025-10-29T21:04:02Z INFO  analyzer::memory] Generating CDF plot for instruction 0x2730 operand 31 (p=0.014893)
[2025-10-29T21:04:02Z INFO  analyzer::plot] CDF plot saved to: owl_cdf_plots/instr_0x2730_operand_31_p0.014893.png
[2025-10-29T21:04:02Z INFO  analyzer::plot]   Fixed total accesses: 10
[2025-10-29T21:04:02Z INFO  analyzer::plot]   Random total accesses: 10
[2025-10-29T21:04:02Z INFO  analyzer::plot]   Maximum CDF difference: 0.7000
[2025-10-29T21:04:02Z INFO  analyzer::memory] Generating CDF plot for instruction 0x2730 operand 45 (p=0.014893)
[2025-10-29T21:04:02Z INFO  analyzer::plot] CDF plot saved to: owl_cdf_plots/instr_0x2730_operand_45_p0.014893.png
[2025-10-29T21:04:02Z INFO  analyzer::plot]   Fixed total accesses: 10
[2025-10-29T21:04:02Z INFO  analyzer::plot]   Random total accesses: 10
[2025-10-29T21:04:02Z INFO  analyzer::plot]   Maximum CDF difference: 0.7000
[2025-10-29T21:04:02Z INFO  analyzer::memory] Generating CDF plot for instruction 0x2750 operand 46 (p=0.014893)
[2025-10-29T21:04:02Z INFO  analyzer::plot] CDF plot saved to: owl_cdf_plots/instr_0x2750_operand_46_p0.014893.png
[2025-10-29T21:04:02Z INFO  analyzer::plot]   Fixed total accesses: 10
[2025-10-29T21:04:02Z INFO  analyzer::plot]   Random total accesses: 10
[2025-10-29T21:04:02Z INFO  analyzer::plot]   Maximum CDF difference: 0.7000
[2025-10-29T21:04:02Z INFO  analyzer::memory] Generating CDF plot for instruction 0x2770 operand 6 (p=0.014893)
[2025-10-29T21:04:02Z INFO  analyzer::plot] CDF plot saved to: owl_cdf_plots/instr_0x2770_operand_6_p0.014893.png
[2025-10-29T21:04:02Z INFO  analyzer::plot]   Fixed total accesses: 10
[2025-10-29T21:04:02Z INFO  analyzer::plot]   Random total accesses: 10
[2025-10-29T21:04:02Z INFO  analyzer::plot]   Maximum CDF difference: 0.7000
[2025-10-29T21:04:02Z INFO  analyzer::memory] Generating CDF plot for instruction 0x2770 operand 41 (p=0.014893)
[2025-10-29T21:04:02Z INFO  analyzer::plot] CDF plot saved to: owl_cdf_plots/instr_0x2770_operand_41_p0.014893.png
[2025-10-29T21:04:02Z INFO  analyzer::plot]   Fixed total accesses: 10
[2025-10-29T21:04:02Z INFO  analyzer::plot]   Random total accesses: 10
[2025-10-29T21:04:02Z INFO  analyzer::plot]   Maximum CDF difference: 0.7000
[2025-10-29T21:04:02Z INFO  analyzer::memory] Generating CDF plot for instruction 0x2850 operand 38 (p=0.014893)
[2025-10-29T21:04:02Z INFO  analyzer::plot] CDF plot saved to: owl_cdf_plots/instr_0x2850_operand_38_p0.014893.png
[2025-10-29T21:04:02Z INFO  analyzer::plot]   Fixed total accesses: 10
[2025-10-29T21:04:02Z INFO  analyzer::plot]   Random total accesses: 10
[2025-10-29T21:04:02Z INFO  analyzer::plot]   Maximum CDF difference: 0.7000
[2025-10-29T21:04:02Z INFO  analyzer::memory] Generating CDF plot for instruction 0x2970 operand 10 (p=0.014893)
[2025-10-29T21:04:02Z INFO  analyzer::plot] CDF plot saved to: owl_cdf_plots/instr_0x2970_operand_10_p0.014893.png
[2025-10-29T21:04:02Z INFO  analyzer::plot]   Fixed total accesses: 10
[2025-10-29T21:04:02Z INFO  analyzer::plot]   Random total accesses: 10
[2025-10-29T21:04:02Z INFO  analyzer::plot]   Maximum CDF difference: 0.7000
[2025-10-29T21:04:02Z INFO  analyzer::memory] Generating CDF plot for instruction 0x2970 operand 21 (p=0.003323)
[2025-10-29T21:04:02Z INFO  analyzer::plot] CDF plot saved to: owl_cdf_plots/instr_0x2970_operand_21_p0.003323.png
[2025-10-29T21:04:02Z INFO  analyzer::plot]   Fixed total accesses: 10
[2025-10-29T21:04:02Z INFO  analyzer::plot]   Random total accesses: 10
[2025-10-29T21:04:02Z INFO  analyzer::plot]   Maximum CDF difference: 0.8000
[2025-10-29T21:04:02Z INFO  analyzer::memory] Generating CDF plot for instruction 0x2980 operand 33 (p=0.014893)
[2025-10-29T21:04:02Z INFO  analyzer::plot] CDF plot saved to: owl_cdf_plots/instr_0x2980_operand_33_p0.014893.png
[2025-10-29T21:04:02Z INFO  analyzer::plot]   Fixed total accesses: 10
[2025-10-29T21:04:02Z INFO  analyzer::plot]   Random total accesses: 10
[2025-10-29T21:04:02Z INFO  analyzer::plot]   Maximum CDF difference: 0.7000
[2025-10-29T21:04:02Z INFO  analyzer::memory] Generating CDF plot for instruction 0x2980 operand 63 (p=0.014893)
[2025-10-29T21:04:02Z INFO  analyzer::plot] CDF plot saved to: owl_cdf_plots/instr_0x2980_operand_63_p0.014893.png
[2025-10-29T21:04:02Z INFO  analyzer::plot]   Fixed total accesses: 10
[2025-10-29T21:04:02Z INFO  analyzer::plot]   Random total accesses: 10
[2025-10-29T21:04:02Z INFO  analyzer::plot]   Maximum CDF difference: 0.7000
[2025-10-29T21:04:02Z INFO  analyzer::memory] Generating CDF plot for instruction 0x29c0 operand 34 (p=0.003323)
[2025-10-29T21:04:02Z INFO  analyzer::plot] CDF plot saved to: owl_cdf_plots/instr_0x29c0_operand_34_p0.003323.png
[2025-10-29T21:04:02Z INFO  analyzer::plot]   Fixed total accesses: 10
[2025-10-29T21:04:02Z INFO  analyzer::plot]   Random total accesses: 10
[2025-10-29T21:04:02Z INFO  analyzer::plot]   Maximum CDF difference: 0.8000
[2025-10-29T21:04:02Z INFO  analyzer::memory] Generating CDF plot for instruction 0x2a70 operand 0 (p=0.014893)
[2025-10-29T21:04:02Z INFO  analyzer::plot] CDF plot saved to: owl_cdf_plots/instr_0x2a70_operand_0_p0.014893.png
[2025-10-29T21:04:02Z INFO  analyzer::plot]   Fixed total accesses: 10
[2025-10-29T21:04:02Z INFO  analyzer::plot]   Random total accesses: 10
[2025-10-29T21:04:02Z INFO  analyzer::plot]   Maximum CDF difference: 0.7000
[2025-10-29T21:04:02Z INFO  analyzer::memory] Generating CDF plot for instruction 0x2a70 operand 1 (p=0.014893)
[2025-10-29T21:04:02Z INFO  analyzer::plot] CDF plot saved to: owl_cdf_plots/instr_0x2a70_operand_1_p0.014893.png
[2025-10-29T21:04:02Z INFO  analyzer::plot]   Fixed total accesses: 10
[2025-10-29T21:04:02Z INFO  analyzer::plot]   Random total accesses: 10
[2025-10-29T21:04:02Z INFO  analyzer::plot]   Maximum CDF difference: 0.7000
[2025-10-29T21:04:02Z INFO  analyzer::memory] Generating CDF plot for instruction 0x2a70 operand 2 (p=0.014893)
[2025-10-29T21:04:02Z INFO  analyzer::plot] CDF plot saved to: owl_cdf_plots/instr_0x2a70_operand_2_p0.014893.png
[2025-10-29T21:04:02Z INFO  analyzer::plot]   Fixed total accesses: 10
[2025-10-29T21:04:02Z INFO  analyzer::plot]   Random total accesses: 10
[2025-10-29T21:04:02Z INFO  analyzer::plot]   Maximum CDF difference: 0.7000
[2025-10-29T21:04:02Z INFO  analyzer::memory] Generating CDF plot for instruction 0x2a70 operand 3 (p=0.014893)
[2025-10-29T21:04:02Z INFO  analyzer::plot] CDF plot saved to: owl_cdf_plots/instr_0x2a70_operand_3_p0.014893.png
[2025-10-29T21:04:02Z INFO  analyzer::plot]   Fixed total accesses: 10
[2025-10-29T21:04:02Z INFO  analyzer::plot]   Random total accesses: 10
[2025-10-29T21:04:02Z INFO  analyzer::plot]   Maximum CDF difference: 0.7000
[2025-10-29T21:04:02Z INFO  analyzer::memory] Generating CDF plot for instruction 0x2a70 operand 4 (p=0.014893)
[2025-10-29T21:04:02Z INFO  analyzer::plot] CDF plot saved to: owl_cdf_plots/instr_0x2a70_operand_4_p0.014893.png
[2025-10-29T21:04:02Z INFO  analyzer::plot]   Fixed total accesses: 10
[2025-10-29T21:04:02Z INFO  analyzer::plot]   Random total accesses: 10
[2025-10-29T21:04:02Z INFO  analyzer::plot]   Maximum CDF difference: 0.7000
[2025-10-29T21:04:02Z INFO  analyzer::memory] Generating CDF plot for instruction 0x2b10 operand 17 (p=0.014893)
[2025-10-29T21:04:02Z INFO  analyzer::plot] CDF plot saved to: owl_cdf_plots/instr_0x2b10_operand_17_p0.014893.png
[2025-10-29T21:04:02Z INFO  analyzer::plot]   Fixed total accesses: 10
[2025-10-29T21:04:02Z INFO  analyzer::plot]   Random total accesses: 10
[2025-10-29T21:04:02Z INFO  analyzer::plot]   Maximum CDF difference: 0.7000
[2025-10-29T21:04:02Z INFO  analyzer::memory] Generating CDF plot for instruction 0x2b30 operand 11 (p=0.014893)
[2025-10-29T21:04:02Z INFO  analyzer::plot] CDF plot saved to: owl_cdf_plots/instr_0x2b30_operand_11_p0.014893.png
[2025-10-29T21:04:02Z INFO  analyzer::plot]   Fixed total accesses: 10
[2025-10-29T21:04:02Z INFO  analyzer::plot]   Random total accesses: 10
[2025-10-29T21:04:02Z INFO  analyzer::plot]   Maximum CDF difference: 0.7000
[2025-10-29T21:04:02Z INFO  analyzer::memory] Generating CDF plot for instruction 0x2b90 operand 0 (p=0.014893)
[2025-10-29T21:04:02Z INFO  analyzer::plot] CDF plot saved to: owl_cdf_plots/instr_0x2b90_operand_0_p0.014893.png
[2025-10-29T21:04:02Z INFO  analyzer::plot]   Fixed total accesses: 10
[2025-10-29T21:04:02Z INFO  analyzer::plot]   Random total accesses: 10
[2025-10-29T21:04:02Z INFO  analyzer::plot]   Maximum CDF difference: 0.7000
[2025-10-29T21:04:02Z INFO  analyzer::memory] Generating CDF plot for instruction 0x2b90 operand 1 (p=0.014893)
[2025-10-29T21:04:02Z INFO  analyzer::plot] CDF plot saved to: owl_cdf_plots/instr_0x2b90_operand_1_p0.014893.png
[2025-10-29T21:04:02Z INFO  analyzer::plot]   Fixed total accesses: 10
[2025-10-29T21:04:02Z INFO  analyzer::plot]   Random total accesses: 10
[2025-10-29T21:04:02Z INFO  analyzer::plot]   Maximum CDF difference: 0.7000
[2025-10-29T21:04:02Z INFO  analyzer::memory] Generating CDF plot for instruction 0x2b90 operand 2 (p=0.014893)
[2025-10-29T21:04:02Z INFO  analyzer::plot] CDF plot saved to: owl_cdf_plots/instr_0x2b90_operand_2_p0.014893.png
[2025-10-29T21:04:02Z INFO  analyzer::plot]   Fixed total accesses: 10
[2025-10-29T21:04:02Z INFO  analyzer::plot]   Random total accesses: 10
[2025-10-29T21:04:02Z INFO  analyzer::plot]   Maximum CDF difference: 0.7000
[2025-10-29T21:04:02Z INFO  analyzer::memory] Generating CDF plot for instruction 0x2b90 operand 3 (p=0.014893)
[2025-10-29T21:04:02Z INFO  analyzer::plot] CDF plot saved to: owl_cdf_plots/instr_0x2b90_operand_3_p0.014893.png
[2025-10-29T21:04:02Z INFO  analyzer::plot]   Fixed total accesses: 10
[2025-10-29T21:04:02Z INFO  analyzer::plot]   Random total accesses: 10
[2025-10-29T21:04:02Z INFO  analyzer::plot]   Maximum CDF difference: 0.7000
[2025-10-29T21:04:02Z INFO  analyzer::memory] Generating CDF plot for instruction 0x2b90 operand 4 (p=0.014893)
[2025-10-29T21:04:02Z INFO  analyzer::plot] CDF plot saved to: owl_cdf_plots/instr_0x2b90_operand_4_p0.014893.png
[2025-10-29T21:04:02Z INFO  analyzer::plot]   Fixed total accesses: 10
[2025-10-29T21:04:02Z INFO  analyzer::plot]   Random total accesses: 10
[2025-10-29T21:04:02Z INFO  analyzer::plot]   Maximum CDF difference: 0.7000
[2025-10-29T21:04:02Z INFO  analyzer::memory] Generating CDF plot for instruction 0x2bb0 operand 5 (p=0.014893)
[2025-10-29T21:04:02Z INFO  analyzer::plot] CDF plot saved to: owl_cdf_plots/instr_0x2bb0_operand_5_p0.014893.png
[2025-10-29T21:04:02Z INFO  analyzer::plot]   Fixed total accesses: 10
[2025-10-29T21:04:02Z INFO  analyzer::plot]   Random total accesses: 10
[2025-10-29T21:04:02Z INFO  analyzer::plot]   Maximum CDF difference: 0.7000
[2025-10-29T21:04:02Z INFO  analyzer::memory] Generating CDF plot for instruction 0x2c80 operand 13 (p=0.014893)
[2025-10-29T21:04:02Z INFO  analyzer::plot] CDF plot saved to: owl_cdf_plots/instr_0x2c80_operand_13_p0.014893.png
[2025-10-29T21:04:02Z INFO  analyzer::plot]   Fixed total accesses: 10
[2025-10-29T21:04:02Z INFO  analyzer::plot]   Random total accesses: 10
[2025-10-29T21:04:02Z INFO  analyzer::plot]   Maximum CDF difference: 0.7000
[2025-10-29T21:04:02Z INFO  analyzer::memory] Generating CDF plot for instruction 0x2c80 operand 17 (p=0.014893)
[2025-10-29T21:04:02Z INFO  analyzer::plot] CDF plot saved to: owl_cdf_plots/instr_0x2c80_operand_17_p0.014893.png
[2025-10-29T21:04:02Z INFO  analyzer::plot]   Fixed total accesses: 10
[2025-10-29T21:04:02Z INFO  analyzer::plot]   Random total accesses: 10
[2025-10-29T21:04:02Z INFO  analyzer::plot]   Maximum CDF difference: 0.7000
[2025-10-29T21:04:02Z INFO  analyzer::memory] Generating CDF plot for instruction 0x2c80 operand 58 (p=0.014893)
[2025-10-29T21:04:02Z INFO  analyzer::plot] CDF plot saved to: owl_cdf_plots/instr_0x2c80_operand_58_p0.014893.png
[2025-10-29T21:04:02Z INFO  analyzer::plot]   Fixed total accesses: 10
[2025-10-29T21:04:02Z INFO  analyzer::plot]   Random total accesses: 10
[2025-10-29T21:04:02Z INFO  analyzer::plot]   Maximum CDF difference: 0.7000
[2025-10-29T21:04:02Z INFO  analyzer::memory] Generating CDF plot for instruction 0x2cc0 operand 9 (p=0.014893)
[2025-10-29T21:04:02Z INFO  analyzer::plot] CDF plot saved to: owl_cdf_plots/instr_0x2cc0_operand_9_p0.014893.png
[2025-10-29T21:04:02Z INFO  analyzer::plot]   Fixed total accesses: 10
[2025-10-29T21:04:02Z INFO  analyzer::plot]   Random total accesses: 10
[2025-10-29T21:04:02Z INFO  analyzer::plot]   Maximum CDF difference: 0.7000
[2025-10-29T21:04:02Z INFO  analyzer::memory] Generating CDF plot for instruction 0x2cc0 operand 43 (p=0.014893)
[2025-10-29T21:04:02Z INFO  analyzer::plot] CDF plot saved to: owl_cdf_plots/instr_0x2cc0_operand_43_p0.014893.png
[2025-10-29T21:04:02Z INFO  analyzer::plot]   Fixed total accesses: 10
[2025-10-29T21:04:02Z INFO  analyzer::plot]   Random total accesses: 10
[2025-10-29T21:04:02Z INFO  analyzer::plot]   Maximum CDF difference: 0.7000
[2025-10-29T21:04:02Z INFO  analyzer::memory] Generating CDF plot for instruction 0x2ce0 operand 12 (p=0.014893)
[2025-10-29T21:04:02Z INFO  analyzer::plot] CDF plot saved to: owl_cdf_plots/instr_0x2ce0_operand_12_p0.014893.png
[2025-10-29T21:04:02Z INFO  analyzer::plot]   Fixed total accesses: 10
[2025-10-29T21:04:02Z INFO  analyzer::plot]   Random total accesses: 10
[2025-10-29T21:04:02Z INFO  analyzer::plot]   Maximum CDF difference: 0.7000
[2025-10-29T21:04:02Z INFO  analyzer::memory] Generating CDF plot for instruction 0x2ce0 operand 39 (p=0.014893)
[2025-10-29T21:04:02Z INFO  analyzer::plot] CDF plot saved to: owl_cdf_plots/instr_0x2ce0_operand_39_p0.014893.png
[2025-10-29T21:04:02Z INFO  analyzer::plot]   Fixed total accesses: 10
[2025-10-29T21:04:02Z INFO  analyzer::plot]   Random total accesses: 10
[2025-10-29T21:04:02Z INFO  analyzer::plot]   Maximum CDF difference: 0.7000
[2025-10-29T21:04:02Z INFO  analyzer::memory] Generating CDF plot for instruction 0x2d60 operand 0 (p=0.014893)
[2025-10-29T21:04:02Z INFO  analyzer::plot] CDF plot saved to: owl_cdf_plots/instr_0x2d60_operand_0_p0.014893.png
[2025-10-29T21:04:02Z INFO  analyzer::plot]   Fixed total accesses: 10
[2025-10-29T21:04:02Z INFO  analyzer::plot]   Random total accesses: 10
[2025-10-29T21:04:02Z INFO  analyzer::plot]   Maximum CDF difference: 0.7000
[2025-10-29T21:04:02Z INFO  analyzer::memory] Generating CDF plot for instruction 0x2d60 operand 30 (p=0.003323)
[2025-10-29T21:04:02Z INFO  analyzer::plot] CDF plot saved to: owl_cdf_plots/instr_0x2d60_operand_30_p0.003323.png
[2025-10-29T21:04:02Z INFO  analyzer::plot]   Fixed total accesses: 10
[2025-10-29T21:04:02Z INFO  analyzer::plot]   Random total accesses: 10
[2025-10-29T21:04:02Z INFO  analyzer::plot]   Maximum CDF difference: 0.8000
[2025-10-29T21:04:02Z INFO  analyzer::memory] Generating CDF plot for instruction 0x2f00 operand 0 (p=0.003323)
[2025-10-29T21:04:02Z INFO  analyzer::plot] CDF plot saved to: owl_cdf_plots/instr_0x2f00_operand_0_p0.003323.png
[2025-10-29T21:04:02Z INFO  analyzer::plot]   Fixed total accesses: 10
[2025-10-29T21:04:02Z INFO  analyzer::plot]   Random total accesses: 10
[2025-10-29T21:04:02Z INFO  analyzer::plot]   Maximum CDF difference: 0.8000
[2025-10-29T21:04:02Z INFO  analyzer::memory] Generating CDF plot for instruction 0x2f00 operand 1 (p=0.003323)
[2025-10-29T21:04:02Z INFO  analyzer::plot] CDF plot saved to: owl_cdf_plots/instr_0x2f00_operand_1_p0.003323.png
[2025-10-29T21:04:02Z INFO  analyzer::plot]   Fixed total accesses: 10
[2025-10-29T21:04:02Z INFO  analyzer::plot]   Random total accesses: 10
[2025-10-29T21:04:02Z INFO  analyzer::plot]   Maximum CDF difference: 0.8000
[2025-10-29T21:04:02Z INFO  analyzer::memory] Generating CDF plot for instruction 0x2f00 operand 2 (p=0.003323)
[2025-10-29T21:04:02Z INFO  analyzer::plot] CDF plot saved to: owl_cdf_plots/instr_0x2f00_operand_2_p0.003323.png
[2025-10-29T21:04:02Z INFO  analyzer::plot]   Fixed total accesses: 10
[2025-10-29T21:04:02Z INFO  analyzer::plot]   Random total accesses: 10
[2025-10-29T21:04:02Z INFO  analyzer::plot]   Maximum CDF difference: 0.8000
[2025-10-29T21:04:02Z INFO  analyzer::memory] Generating CDF plot for instruction 0x2f00 operand 3 (p=0.003323)
[2025-10-29T21:04:02Z INFO  analyzer::plot] CDF plot saved to: owl_cdf_plots/instr_0x2f00_operand_3_p0.003323.png
[2025-10-29T21:04:02Z INFO  analyzer::plot]   Fixed total accesses: 10
[2025-10-29T21:04:02Z INFO  analyzer::plot]   Random total accesses: 10
[2025-10-29T21:04:02Z INFO  analyzer::plot]   Maximum CDF difference: 0.8000
[2025-10-29T21:04:02Z INFO  analyzer::memory] Generating CDF plot for instruction 0x2f00 operand 4 (p=0.003323)
[2025-10-29T21:04:02Z INFO  analyzer::plot] CDF plot saved to: owl_cdf_plots/instr_0x2f00_operand_4_p0.003323.png
[2025-10-29T21:04:02Z INFO  analyzer::plot]   Fixed total accesses: 10
[2025-10-29T21:04:02Z INFO  analyzer::plot]   Random total accesses: 10
[2025-10-29T21:04:02Z INFO  analyzer::plot]   Maximum CDF difference: 0.8000
[2025-10-29T21:04:02Z INFO  analyzer::memory] Generating CDF plot for instruction 0x2f20 operand 0 (p=0.014893)
[2025-10-29T21:04:02Z INFO  analyzer::plot] CDF plot saved to: owl_cdf_plots/instr_0x2f20_operand_0_p0.014893.png
[2025-10-29T21:04:02Z INFO  analyzer::plot]   Fixed total accesses: 10
[2025-10-29T21:04:02Z INFO  analyzer::plot]   Random total accesses: 10
[2025-10-29T21:04:02Z INFO  analyzer::plot]   Maximum CDF difference: 0.7000
[2025-10-29T21:04:02Z INFO  analyzer::memory] Generating CDF plot for instruction 0x2f20 operand 1 (p=0.014893)
[2025-10-29T21:04:02Z INFO  analyzer::plot] CDF plot saved to: owl_cdf_plots/instr_0x2f20_operand_1_p0.014893.png
[2025-10-29T21:04:02Z INFO  analyzer::plot]   Fixed total accesses: 10
[2025-10-29T21:04:02Z INFO  analyzer::plot]   Random total accesses: 10
[2025-10-29T21:04:02Z INFO  analyzer::plot]   Maximum CDF difference: 0.7000
[2025-10-29T21:04:02Z INFO  analyzer::memory] Generating CDF plot for instruction 0x2f20 operand 2 (p=0.014893)
[2025-10-29T21:04:02Z INFO  analyzer::plot] CDF plot saved to: owl_cdf_plots/instr_0x2f20_operand_2_p0.014893.png
[2025-10-29T21:04:02Z INFO  analyzer::plot]   Fixed total accesses: 10
[2025-10-29T21:04:02Z INFO  analyzer::plot]   Random total accesses: 10
[2025-10-29T21:04:02Z INFO  analyzer::plot]   Maximum CDF difference: 0.7000
[2025-10-29T21:04:02Z INFO  analyzer::memory] Generating CDF plot for instruction 0x2f20 operand 3 (p=0.014893)
[2025-10-29T21:04:02Z INFO  analyzer::plot] CDF plot saved to: owl_cdf_plots/instr_0x2f20_operand_3_p0.014893.png
[2025-10-29T21:04:02Z INFO  analyzer::plot]   Fixed total accesses: 10
[2025-10-29T21:04:02Z INFO  analyzer::plot]   Random total accesses: 10
[2025-10-29T21:04:02Z INFO  analyzer::plot]   Maximum CDF difference: 0.7000
[2025-10-29T21:04:02Z INFO  analyzer::memory] Generating CDF plot for instruction 0x2f20 operand 4 (p=0.014893)
[2025-10-29T21:04:02Z INFO  analyzer::plot] CDF plot saved to: owl_cdf_plots/instr_0x2f20_operand_4_p0.014893.png
[2025-10-29T21:04:02Z INFO  analyzer::plot]   Fixed total accesses: 10
[2025-10-29T21:04:02Z INFO  analyzer::plot]   Random total accesses: 10
[2025-10-29T21:04:02Z INFO  analyzer::plot]   Maximum CDF difference: 0.7000
[2025-10-29T21:04:02Z INFO  analyzer::memory] Generating CDF plot for instruction 0x2f60 operand 0 (p=0.000091)
[2025-10-29T21:04:02Z INFO  analyzer::plot] CDF plot saved to: owl_cdf_plots/instr_0x2f60_operand_0_p0.000091.png
[2025-10-29T21:04:02Z INFO  analyzer::plot]   Fixed total accesses: 10
[2025-10-29T21:04:02Z INFO  analyzer::plot]   Random total accesses: 10
[2025-10-29T21:04:02Z INFO  analyzer::plot]   Maximum CDF difference: 1.0000
[2025-10-29T21:04:02Z INFO  analyzer::memory] Generating CDF plot for instruction 0x2f60 operand 1 (p=0.000091)
[2025-10-29T21:04:02Z INFO  analyzer::plot] CDF plot saved to: owl_cdf_plots/instr_0x2f60_operand_1_p0.000091.png
[2025-10-29T21:04:02Z INFO  analyzer::plot]   Fixed total accesses: 10
[2025-10-29T21:04:02Z INFO  analyzer::plot]   Random total accesses: 10
[2025-10-29T21:04:02Z INFO  analyzer::plot]   Maximum CDF difference: 1.0000
[2025-10-29T21:04:02Z INFO  analyzer::memory] Generating CDF plot for instruction 0x2f60 operand 2 (p=0.000091)
[2025-10-29T21:04:02Z INFO  analyzer::plot] CDF plot saved to: owl_cdf_plots/instr_0x2f60_operand_2_p0.000091.png
[2025-10-29T21:04:02Z INFO  analyzer::plot]   Fixed total accesses: 10
[2025-10-29T21:04:02Z INFO  analyzer::plot]   Random total accesses: 10
[2025-10-29T21:04:02Z INFO  analyzer::plot]   Maximum CDF difference: 1.0000
[2025-10-29T21:04:02Z INFO  analyzer::memory] Generating CDF plot for instruction 0x2f60 operand 3 (p=0.000091)
[2025-10-29T21:04:02Z INFO  analyzer::plot] CDF plot saved to: owl_cdf_plots/instr_0x2f60_operand_3_p0.000091.png
[2025-10-29T21:04:02Z INFO  analyzer::plot]   Fixed total accesses: 10
[2025-10-29T21:04:02Z INFO  analyzer::plot]   Random total accesses: 10
[2025-10-29T21:04:02Z INFO  analyzer::plot]   Maximum CDF difference: 1.0000
[2025-10-29T21:04:02Z INFO  analyzer::memory] Generating CDF plot for instruction 0x2f60 operand 4 (p=0.000091)
[2025-10-29T21:04:02Z INFO  analyzer::plot] CDF plot saved to: owl_cdf_plots/instr_0x2f60_operand_4_p0.000091.png
[2025-10-29T21:04:02Z INFO  analyzer::plot]   Fixed total accesses: 10
[2025-10-29T21:04:02Z INFO  analyzer::plot]   Random total accesses: 10
[2025-10-29T21:04:02Z INFO  analyzer::plot]   Maximum CDF difference: 1.0000
[2025-10-29T21:04:02Z INFO  analyzer::memory] Generating CDF plot for instruction 0x2fd0 operand 39 (p=0.003323)
[2025-10-29T21:04:02Z INFO  analyzer::plot] CDF plot saved to: owl_cdf_plots/instr_0x2fd0_operand_39_p0.003323.png
[2025-10-29T21:04:02Z INFO  analyzer::plot]   Fixed total accesses: 10
[2025-10-29T21:04:02Z INFO  analyzer::plot]   Random total accesses: 10
[2025-10-29T21:04:02Z INFO  analyzer::plot]   Maximum CDF difference: 0.8000
[2025-10-29T21:04:02Z INFO  analyzer::memory] Generating CDF plot for instruction 0x2fd0 operand 55 (p=0.014893)
[2025-10-29T21:04:02Z INFO  analyzer::plot] CDF plot saved to: owl_cdf_plots/instr_0x2fd0_operand_55_p0.014893.png
[2025-10-29T21:04:02Z INFO  analyzer::plot]   Fixed total accesses: 10
[2025-10-29T21:04:02Z INFO  analyzer::plot]   Random total accesses: 10
[2025-10-29T21:04:02Z INFO  analyzer::plot]   Maximum CDF difference: 0.7000
[2025-10-29T21:04:02Z INFO  analyzer::memory] Generating CDF plot for instruction 0x2fd0 operand 59 (p=0.014893)
[2025-10-29T21:04:02Z INFO  analyzer::plot] CDF plot saved to: owl_cdf_plots/instr_0x2fd0_operand_59_p0.014893.png
[2025-10-29T21:04:02Z INFO  analyzer::plot]   Fixed total accesses: 10
[2025-10-29T21:04:02Z INFO  analyzer::plot]   Random total accesses: 10
[2025-10-29T21:04:02Z INFO  analyzer::plot]   Maximum CDF difference: 0.7000
[2025-10-29T21:04:02Z INFO  analyzer::memory] Generating CDF plot for instruction 0x2fd0 operand 62 (p=0.014893)
[2025-10-29T21:04:02Z INFO  analyzer::plot] CDF plot saved to: owl_cdf_plots/instr_0x2fd0_operand_62_p0.014893.png
[2025-10-29T21:04:02Z INFO  analyzer::plot]   Fixed total accesses: 10
[2025-10-29T21:04:02Z INFO  analyzer::plot]   Random total accesses: 10
[2025-10-29T21:04:02Z INFO  analyzer::plot]   Maximum CDF difference: 0.7000
[2025-10-29T21:04:02Z INFO  analyzer::memory] Generating CDF plot for instruction 0x3040 operand 25 (p=0.014893)
[2025-10-29T21:04:02Z INFO  analyzer::plot] CDF plot saved to: owl_cdf_plots/instr_0x3040_operand_25_p0.014893.png
[2025-10-29T21:04:02Z INFO  analyzer::plot]   Fixed total accesses: 10
[2025-10-29T21:04:02Z INFO  analyzer::plot]   Random total accesses: 10
[2025-10-29T21:04:02Z INFO  analyzer::plot]   Maximum CDF difference: 0.7000
[2025-10-29T21:04:02Z INFO  analyzer::memory] Generating CDF plot for instruction 0x3040 operand 62 (p=0.014893)
[2025-10-29T21:04:02Z INFO  analyzer::plot] CDF plot saved to: owl_cdf_plots/instr_0x3040_operand_62_p0.014893.png
[2025-10-29T21:04:02Z INFO  analyzer::plot]   Fixed total accesses: 10
[2025-10-29T21:04:02Z INFO  analyzer::plot]   Random total accesses: 10
[2025-10-29T21:04:02Z INFO  analyzer::plot]   Maximum CDF difference: 0.7000
[2025-10-29T21:04:02Z INFO  analyzer::memory] Generating CDF plot for instruction 0x3140 operand 43 (p=0.014893)
[2025-10-29T21:04:02Z INFO  analyzer::plot] CDF plot saved to: owl_cdf_plots/instr_0x3140_operand_43_p0.014893.png
[2025-10-29T21:04:02Z INFO  analyzer::plot]   Fixed total accesses: 10
[2025-10-29T21:04:02Z INFO  analyzer::plot]   Random total accesses: 10
[2025-10-29T21:04:02Z INFO  analyzer::plot]   Maximum CDF difference: 0.7000
[2025-10-29T21:04:02Z INFO  analyzer::memory] Generating CDF plot for instruction 0x3150 operand 45 (p=0.014893)
[2025-10-29T21:04:02Z INFO  analyzer::plot] CDF plot saved to: owl_cdf_plots/instr_0x3150_operand_45_p0.014893.png
[2025-10-29T21:04:02Z INFO  analyzer::plot]   Fixed total accesses: 10
[2025-10-29T21:04:02Z INFO  analyzer::plot]   Random total accesses: 10
[2025-10-29T21:04:02Z INFO  analyzer::plot]   Maximum CDF difference: 0.7000
[2025-10-29T21:04:02Z INFO  analyzer::memory] Generating CDF plot for instruction 0x31e0 operand 5 (p=0.003323)
[2025-10-29T21:04:02Z INFO  analyzer::plot] CDF plot saved to: owl_cdf_plots/instr_0x31e0_operand_5_p0.003323.png
[2025-10-29T21:04:02Z INFO  analyzer::plot]   Fixed total accesses: 10
[2025-10-29T21:04:02Z INFO  analyzer::plot]   Random total accesses: 10
[2025-10-29T21:04:02Z INFO  analyzer::plot]   Maximum CDF difference: 0.8000
[2025-10-29T21:04:02Z INFO  analyzer::memory] Generating CDF plot for instruction 0x31e0 operand 48 (p=0.014893)
[2025-10-29T21:04:02Z INFO  analyzer::plot] CDF plot saved to: owl_cdf_plots/instr_0x31e0_operand_48_p0.014893.png
[2025-10-29T21:04:02Z INFO  analyzer::plot]   Fixed total accesses: 10
[2025-10-29T21:04:02Z INFO  analyzer::plot]   Random total accesses: 10
[2025-10-29T21:04:02Z INFO  analyzer::plot]   Maximum CDF difference: 0.7000
[2025-10-29T21:04:02Z INFO  analyzer::memory] Generating CDF plot for instruction 0x3200 operand 51 (p=0.014893)
[2025-10-29T21:04:02Z INFO  analyzer::plot] CDF plot saved to: owl_cdf_plots/instr_0x3200_operand_51_p0.014893.png
[2025-10-29T21:04:02Z INFO  analyzer::plot]   Fixed total accesses: 10
[2025-10-29T21:04:02Z INFO  analyzer::plot]   Random total accesses: 10
[2025-10-29T21:04:02Z INFO  analyzer::plot]   Maximum CDF difference: 0.7000
[2025-10-29T21:04:02Z INFO  analyzer::memory] Generating CDF plot for instruction 0x3200 operand 52 (p=0.014893)
[2025-10-29T21:04:02Z INFO  analyzer::plot] CDF plot saved to: owl_cdf_plots/instr_0x3200_operand_52_p0.014893.png
[2025-10-29T21:04:02Z INFO  analyzer::plot]   Fixed total accesses: 10
[2025-10-29T21:04:02Z INFO  analyzer::plot]   Random total accesses: 10
[2025-10-29T21:04:02Z INFO  analyzer::plot]   Maximum CDF difference: 0.7000
[2025-10-29T21:04:02Z INFO  analyzer::memory] Generating CDF plot for instruction 0x3210 operand 14 (p=0.014893)
[2025-10-29T21:04:02Z INFO  analyzer::plot] CDF plot saved to: owl_cdf_plots/instr_0x3210_operand_14_p0.014893.png
[2025-10-29T21:04:02Z INFO  analyzer::plot]   Fixed total accesses: 10
[2025-10-29T21:04:02Z INFO  analyzer::plot]   Random total accesses: 10
[2025-10-29T21:04:02Z INFO  analyzer::plot]   Maximum CDF difference: 0.7000
[2025-10-29T21:04:02Z INFO  analyzer::memory] Generating CDF plot for instruction 0x3210 operand 40 (p=0.014893)
[2025-10-29T21:04:02Z INFO  analyzer::plot] CDF plot saved to: owl_cdf_plots/instr_0x3210_operand_40_p0.014893.png
[2025-10-29T21:04:02Z INFO  analyzer::plot]   Fixed total accesses: 10
[2025-10-29T21:04:02Z INFO  analyzer::plot]   Random total accesses: 10
[2025-10-29T21:04:02Z INFO  analyzer::plot]   Maximum CDF difference: 0.7000
[2025-10-29T21:04:02Z INFO  analyzer::memory] Generating CDF plot for instruction 0x3290 operand 0 (p=0.000607)
[2025-10-29T21:04:02Z INFO  analyzer::plot] CDF plot saved to: owl_cdf_plots/instr_0x3290_operand_0_p0.000607.png
[2025-10-29T21:04:02Z INFO  analyzer::plot]   Fixed total accesses: 10
[2025-10-29T21:04:02Z INFO  analyzer::plot]   Random total accesses: 10
[2025-10-29T21:04:02Z INFO  analyzer::plot]   Maximum CDF difference: 0.9000
[2025-10-29T21:04:02Z INFO  analyzer::memory] Generating CDF plot for instruction 0x3290 operand 1 (p=0.000607)
[2025-10-29T21:04:02Z INFO  analyzer::plot] CDF plot saved to: owl_cdf_plots/instr_0x3290_operand_1_p0.000607.png
[2025-10-29T21:04:02Z INFO  analyzer::plot]   Fixed total accesses: 10
[2025-10-29T21:04:02Z INFO  analyzer::plot]   Random total accesses: 10
[2025-10-29T21:04:02Z INFO  analyzer::plot]   Maximum CDF difference: 0.9000
[2025-10-29T21:04:02Z INFO  analyzer::memory] Generating CDF plot for instruction 0x3290 operand 2 (p=0.000607)
[2025-10-29T21:04:02Z INFO  analyzer::plot] CDF plot saved to: owl_cdf_plots/instr_0x3290_operand_2_p0.000607.png
[2025-10-29T21:04:02Z INFO  analyzer::plot]   Fixed total accesses: 10
[2025-10-29T21:04:02Z INFO  analyzer::plot]   Random total accesses: 10
[2025-10-29T21:04:02Z INFO  analyzer::plot]   Maximum CDF difference: 0.9000
[2025-10-29T21:04:02Z INFO  analyzer::memory] Generating CDF plot for instruction 0x3290 operand 3 (p=0.000607)
[2025-10-29T21:04:02Z INFO  analyzer::plot] CDF plot saved to: owl_cdf_plots/instr_0x3290_operand_3_p0.000607.png
[2025-10-29T21:04:02Z INFO  analyzer::plot]   Fixed total accesses: 10
[2025-10-29T21:04:02Z INFO  analyzer::plot]   Random total accesses: 10
[2025-10-29T21:04:02Z INFO  analyzer::plot]   Maximum CDF difference: 0.9000
[2025-10-29T21:04:02Z INFO  analyzer::memory] Generating CDF plot for instruction 0x3290 operand 4 (p=0.000607)
[2025-10-29T21:04:02Z INFO  analyzer::plot] CDF plot saved to: owl_cdf_plots/instr_0x3290_operand_4_p0.000607.png
[2025-10-29T21:04:02Z INFO  analyzer::plot]   Fixed total accesses: 10
[2025-10-29T21:04:02Z INFO  analyzer::plot]   Random total accesses: 10
[2025-10-29T21:04:02Z INFO  analyzer::plot]   Maximum CDF difference: 0.9000
[2025-10-29T21:04:02Z INFO  analyzer::memory] Generating CDF plot for instruction 0x32a0 operand 34 (p=0.014893)
[2025-10-29T21:04:02Z INFO  analyzer::plot] CDF plot saved to: owl_cdf_plots/instr_0x32a0_operand_34_p0.014893.png
[2025-10-29T21:04:02Z INFO  analyzer::plot]   Fixed total accesses: 10
[2025-10-29T21:04:02Z INFO  analyzer::plot]   Random total accesses: 10
[2025-10-29T21:04:02Z INFO  analyzer::plot]   Maximum CDF difference: 0.7000
[2025-10-29T21:04:02Z INFO  analyzer::memory] Generating CDF plot for instruction 0x32c0 operand 13 (p=0.014893)
[2025-10-29T21:04:02Z INFO  analyzer::plot] CDF plot saved to: owl_cdf_plots/instr_0x32c0_operand_13_p0.014893.png
[2025-10-29T21:04:02Z INFO  analyzer::plot]   Fixed total accesses: 10
[2025-10-29T21:04:02Z INFO  analyzer::plot]   Random total accesses: 10
[2025-10-29T21:04:02Z INFO  analyzer::plot]   Maximum CDF difference: 0.7000
[2025-10-29T21:04:02Z INFO  analyzer::memory] Generating CDF plot for instruction 0x32c0 operand 34 (p=0.014893)
[2025-10-29T21:04:02Z INFO  analyzer::plot] CDF plot saved to: owl_cdf_plots/instr_0x32c0_operand_34_p0.014893.png
[2025-10-29T21:04:02Z INFO  analyzer::plot]   Fixed total accesses: 10
[2025-10-29T21:04:02Z INFO  analyzer::plot]   Random total accesses: 10
[2025-10-29T21:04:02Z INFO  analyzer::plot]   Maximum CDF difference: 0.7000
[2025-10-29T21:04:02Z INFO  analyzer::memory] Generating CDF plot for instruction 0x3320 operand 7 (p=0.014893)
[2025-10-29T21:04:02Z INFO  analyzer::plot] CDF plot saved to: owl_cdf_plots/instr_0x3320_operand_7_p0.014893.png
[2025-10-29T21:04:02Z INFO  analyzer::plot]   Fixed total accesses: 10
[2025-10-29T21:04:02Z INFO  analyzer::plot]   Random total accesses: 10
[2025-10-29T21:04:02Z INFO  analyzer::plot]   Maximum CDF difference: 0.7000
[2025-10-29T21:04:02Z INFO  analyzer::memory] Generating CDF plot for instruction 0x3330 operand 0 (p=0.000607)
[2025-10-29T21:04:02Z INFO  analyzer::plot] CDF plot saved to: owl_cdf_plots/instr_0x3330_operand_0_p0.000607.png
[2025-10-29T21:04:02Z INFO  analyzer::plot]   Fixed total accesses: 10
[2025-10-29T21:04:02Z INFO  analyzer::plot]   Random total accesses: 10
[2025-10-29T21:04:02Z INFO  analyzer::plot]   Maximum CDF difference: 0.9000
[2025-10-29T21:04:02Z INFO  analyzer::memory] Generating CDF plot for instruction 0x3330 operand 1 (p=0.000607)
[2025-10-29T21:04:02Z INFO  analyzer::plot] CDF plot saved to: owl_cdf_plots/instr_0x3330_operand_1_p0.000607.png
[2025-10-29T21:04:02Z INFO  analyzer::plot]   Fixed total accesses: 10
[2025-10-29T21:04:02Z INFO  analyzer::plot]   Random total accesses: 10
[2025-10-29T21:04:02Z INFO  analyzer::plot]   Maximum CDF difference: 0.9000
[2025-10-29T21:04:02Z INFO  analyzer::memory] Generating CDF plot for instruction 0x3330 operand 2 (p=0.000607)
[2025-10-29T21:04:02Z INFO  analyzer::plot] CDF plot saved to: owl_cdf_plots/instr_0x3330_operand_2_p0.000607.png
[2025-10-29T21:04:02Z INFO  analyzer::plot]   Fixed total accesses: 10
[2025-10-29T21:04:02Z INFO  analyzer::plot]   Random total accesses: 10
[2025-10-29T21:04:02Z INFO  analyzer::plot]   Maximum CDF difference: 0.9000
[2025-10-29T21:04:02Z INFO  analyzer::memory] Generating CDF plot for instruction 0x3330 operand 3 (p=0.000607)
[2025-10-29T21:04:02Z INFO  analyzer::plot] CDF plot saved to: owl_cdf_plots/instr_0x3330_operand_3_p0.000607.png
[2025-10-29T21:04:02Z INFO  analyzer::plot]   Fixed total accesses: 10
[2025-10-29T21:04:02Z INFO  analyzer::plot]   Random total accesses: 10
[2025-10-29T21:04:02Z INFO  analyzer::plot]   Maximum CDF difference: 0.9000
[2025-10-29T21:04:02Z INFO  analyzer::memory] Generating CDF plot for instruction 0x3330 operand 4 (p=0.000607)
[2025-10-29T21:04:02Z INFO  analyzer::plot] CDF plot saved to: owl_cdf_plots/instr_0x3330_operand_4_p0.000607.png
[2025-10-29T21:04:02Z INFO  analyzer::plot]   Fixed total accesses: 10
[2025-10-29T21:04:02Z INFO  analyzer::plot]   Random total accesses: 10
[2025-10-29T21:04:02Z INFO  analyzer::plot]   Maximum CDF difference: 0.9000
[2025-10-29T21:04:02Z INFO  analyzer::memory] Generating CDF plot for instruction 0x3440 operand 0 (p=0.014893)
[2025-10-29T21:04:02Z INFO  analyzer::plot] CDF plot saved to: owl_cdf_plots/instr_0x3440_operand_0_p0.014893.png
[2025-10-29T21:04:02Z INFO  analyzer::plot]   Fixed total accesses: 10
[2025-10-29T21:04:02Z INFO  analyzer::plot]   Random total accesses: 10
[2025-10-29T21:04:02Z INFO  analyzer::plot]   Maximum CDF difference: 0.7000
[2025-10-29T21:04:02Z INFO  analyzer::memory] Generating CDF plot for instruction 0x3440 operand 1 (p=0.014893)
[2025-10-29T21:04:02Z INFO  analyzer::plot] CDF plot saved to: owl_cdf_plots/instr_0x3440_operand_1_p0.014893.png
[2025-10-29T21:04:02Z INFO  analyzer::plot]   Fixed total accesses: 10
[2025-10-29T21:04:02Z INFO  analyzer::plot]   Random total accesses: 10
[2025-10-29T21:04:02Z INFO  analyzer::plot]   Maximum CDF difference: 0.7000
[2025-10-29T21:04:02Z INFO  analyzer::memory] Generating CDF plot for instruction 0x3440 operand 2 (p=0.014893)
[2025-10-29T21:04:02Z INFO  analyzer::plot] CDF plot saved to: owl_cdf_plots/instr_0x3440_operand_2_p0.014893.png
[2025-10-29T21:04:02Z INFO  analyzer::plot]   Fixed total accesses: 10
[2025-10-29T21:04:02Z INFO  analyzer::plot]   Random total accesses: 10
[2025-10-29T21:04:02Z INFO  analyzer::plot]   Maximum CDF difference: 0.7000
[2025-10-29T21:04:02Z INFO  analyzer::memory] Generating CDF plot for instruction 0x3440 operand 3 (p=0.014893)
[2025-10-29T21:04:02Z INFO  analyzer::plot] CDF plot saved to: owl_cdf_plots/instr_0x3440_operand_3_p0.014893.png
[2025-10-29T21:04:02Z INFO  analyzer::plot]   Fixed total accesses: 10
[2025-10-29T21:04:02Z INFO  analyzer::plot]   Random total accesses: 10
[2025-10-29T21:04:02Z INFO  analyzer::plot]   Maximum CDF difference: 0.7000
[2025-10-29T21:04:02Z INFO  analyzer::memory] Generating CDF plot for instruction 0x3440 operand 4 (p=0.014893)
[2025-10-29T21:04:02Z INFO  analyzer::plot] CDF plot saved to: owl_cdf_plots/instr_0x3440_operand_4_p0.014893.png
[2025-10-29T21:04:02Z INFO  analyzer::plot]   Fixed total accesses: 10
[2025-10-29T21:04:02Z INFO  analyzer::plot]   Random total accesses: 10
[2025-10-29T21:04:02Z INFO  analyzer::plot]   Maximum CDF difference: 0.7000
[2025-10-29T21:04:02Z INFO  analyzer::memory] Generating CDF plot for instruction 0x3560 operand 12 (p=0.014893)
[2025-10-29T21:04:02Z INFO  analyzer::plot] CDF plot saved to: owl_cdf_plots/instr_0x3560_operand_12_p0.014893.png
[2025-10-29T21:04:02Z INFO  analyzer::plot]   Fixed total accesses: 10
[2025-10-29T21:04:02Z INFO  analyzer::plot]   Random total accesses: 10
[2025-10-29T21:04:02Z INFO  analyzer::plot]   Maximum CDF difference: 0.7000
[2025-10-29T21:04:02Z INFO  analyzer::memory] Generating CDF plot for instruction 0x3560 operand 25 (p=0.014893)
[2025-10-29T21:04:02Z INFO  analyzer::plot] CDF plot saved to: owl_cdf_plots/instr_0x3560_operand_25_p0.014893.png
[2025-10-29T21:04:02Z INFO  analyzer::plot]   Fixed total accesses: 10
[2025-10-29T21:04:02Z INFO  analyzer::plot]   Random total accesses: 10
[2025-10-29T21:04:02Z INFO  analyzer::plot]   Maximum CDF difference: 0.7000
[2025-10-29T21:04:02Z INFO  analyzer::memory] Generating CDF plot for instruction 0x35d0 operand 11 (p=0.014893)
[2025-10-29T21:04:02Z INFO  analyzer::plot] CDF plot saved to: owl_cdf_plots/instr_0x35d0_operand_11_p0.014893.png
[2025-10-29T21:04:02Z INFO  analyzer::plot]   Fixed total accesses: 10
[2025-10-29T21:04:02Z INFO  analyzer::plot]   Random total accesses: 10
[2025-10-29T21:04:02Z INFO  analyzer::plot]   Maximum CDF difference: 0.7000
[2025-10-29T21:04:02Z INFO  analyzer::memory] Generating CDF plot for instruction 0x36d0 operand 36 (p=0.003323)
[2025-10-29T21:04:02Z INFO  analyzer::plot] CDF plot saved to: owl_cdf_plots/instr_0x36d0_operand_36_p0.003323.png
[2025-10-29T21:04:02Z INFO  analyzer::plot]   Fixed total accesses: 10
[2025-10-29T21:04:02Z INFO  analyzer::plot]   Random total accesses: 10
[2025-10-29T21:04:02Z INFO  analyzer::plot]   Maximum CDF difference: 0.8000
[2025-10-29T21:04:02Z INFO  analyzer::memory] Generating CDF plot for instruction 0x3770 operand 57 (p=0.014893)
[2025-10-29T21:04:02Z INFO  analyzer::plot] CDF plot saved to: owl_cdf_plots/instr_0x3770_operand_57_p0.014893.png
[2025-10-29T21:04:02Z INFO  analyzer::plot]   Fixed total accesses: 10
[2025-10-29T21:04:02Z INFO  analyzer::plot]   Random total accesses: 10
[2025-10-29T21:04:02Z INFO  analyzer::plot]   Maximum CDF difference: 0.7000
[2025-10-29T21:04:02Z INFO  analyzer::memory] Generating CDF plot for instruction 0x37a0 operand 31 (p=0.014893)
[2025-10-29T21:04:02Z INFO  analyzer::plot] CDF plot saved to: owl_cdf_plots/instr_0x37a0_operand_31_p0.014893.png
[2025-10-29T21:04:02Z INFO  analyzer::plot]   Fixed total accesses: 10
[2025-10-29T21:04:02Z INFO  analyzer::plot]   Random total accesses: 10
[2025-10-29T21:04:02Z INFO  analyzer::plot]   Maximum CDF difference: 0.7000
[2025-10-29T21:04:02Z INFO  analyzer::memory] Generating CDF plot for instruction 0x37a0 operand 52 (p=0.014893)
[2025-10-29T21:04:02Z INFO  analyzer::plot] CDF plot saved to: owl_cdf_plots/instr_0x37a0_operand_52_p0.014893.png
[2025-10-29T21:04:02Z INFO  analyzer::plot]   Fixed total accesses: 10
[2025-10-29T21:04:02Z INFO  analyzer::plot]   Random total accesses: 10
[2025-10-29T21:04:02Z INFO  analyzer::plot]   Maximum CDF difference: 0.7000
[2025-10-29T21:04:02Z INFO  analyzer::memory] Generating CDF plot for instruction 0x37c0 operand 56 (p=0.014893)
[2025-10-29T21:04:02Z INFO  analyzer::plot] CDF plot saved to: owl_cdf_plots/instr_0x37c0_operand_56_p0.014893.png
[2025-10-29T21:04:02Z INFO  analyzer::plot]   Fixed total accesses: 10
[2025-10-29T21:04:02Z INFO  analyzer::plot]   Random total accesses: 10
[2025-10-29T21:04:02Z INFO  analyzer::plot]   Maximum CDF difference: 0.7000
[2025-10-29T21:04:02Z INFO  analyzer::memory] Generating CDF plot for instruction 0x890 operand 0 (p=0.014893)
[2025-10-29T21:04:02Z INFO  analyzer::plot] CDF plot saved to: owl_cdf_plots/instr_0x890_operand_0_p0.014893.png
[2025-10-29T21:04:02Z INFO  analyzer::plot]   Fixed total accesses: 10
[2025-10-29T21:04:02Z INFO  analyzer::plot]   Random total accesses: 10
[2025-10-29T21:04:02Z INFO  analyzer::plot]   Maximum CDF difference: 0.7000
[2025-10-29T21:04:02Z INFO  analyzer::memory] Generating CDF plot for instruction 0x890 operand 1 (p=0.014893)
[2025-10-29T21:04:02Z INFO  analyzer::plot] CDF plot saved to: owl_cdf_plots/instr_0x890_operand_1_p0.014893.png
[2025-10-29T21:04:02Z INFO  analyzer::plot]   Fixed total accesses: 10
[2025-10-29T21:04:02Z INFO  analyzer::plot]   Random total accesses: 10
[2025-10-29T21:04:02Z INFO  analyzer::plot]   Maximum CDF difference: 0.7000
[2025-10-29T21:04:02Z INFO  analyzer::memory] Generating CDF plot for instruction 0x890 operand 2 (p=0.014893)
[2025-10-29T21:04:02Z INFO  analyzer::plot] CDF plot saved to: owl_cdf_plots/instr_0x890_operand_2_p0.014893.png
[2025-10-29T21:04:02Z INFO  analyzer::plot]   Fixed total accesses: 10
[2025-10-29T21:04:02Z INFO  analyzer::plot]   Random total accesses: 10
[2025-10-29T21:04:02Z INFO  analyzer::plot]   Maximum CDF difference: 0.7000
[2025-10-29T21:04:02Z INFO  analyzer::memory] Generating CDF plot for instruction 0x890 operand 3 (p=0.014893)
[2025-10-29T21:04:02Z INFO  analyzer::plot] CDF plot saved to: owl_cdf_plots/instr_0x890_operand_3_p0.014893.png
[2025-10-29T21:04:02Z INFO  analyzer::plot]   Fixed total accesses: 10
[2025-10-29T21:04:02Z INFO  analyzer::plot]   Random total accesses: 10
[2025-10-29T21:04:02Z INFO  analyzer::plot]   Maximum CDF difference: 0.7000
[2025-10-29T21:04:02Z INFO  analyzer::memory] Generating CDF plot for instruction 0x890 operand 4 (p=0.014893)
[2025-10-29T21:04:02Z INFO  analyzer::plot] CDF plot saved to: owl_cdf_plots/instr_0x890_operand_4_p0.014893.png
[2025-10-29T21:04:02Z INFO  analyzer::plot]   Fixed total accesses: 10
[2025-10-29T21:04:02Z INFO  analyzer::plot]   Random total accesses: 10
[2025-10-29T21:04:02Z INFO  analyzer::plot]   Maximum CDF difference: 0.7000
[2025-10-29T21:04:02Z INFO  analyzer::memory] Generating CDF plot for instruction 0xa50 operand 0 (p=0.000607)
[2025-10-29T21:04:02Z INFO  analyzer::plot] CDF plot saved to: owl_cdf_plots/instr_0xa50_operand_0_p0.000607.png
[2025-10-29T21:04:02Z INFO  analyzer::plot]   Fixed total accesses: 10
[2025-10-29T21:04:02Z INFO  analyzer::plot]   Random total accesses: 10
[2025-10-29T21:04:02Z INFO  analyzer::plot]   Maximum CDF difference: 0.9000
[2025-10-29T21:04:02Z INFO  analyzer::memory] Generating CDF plot for instruction 0xa50 operand 1 (p=0.000607)
[2025-10-29T21:04:02Z INFO  analyzer::plot] CDF plot saved to: owl_cdf_plots/instr_0xa50_operand_1_p0.000607.png
[2025-10-29T21:04:02Z INFO  analyzer::plot]   Fixed total accesses: 10
[2025-10-29T21:04:02Z INFO  analyzer::plot]   Random total accesses: 10
[2025-10-29T21:04:02Z INFO  analyzer::plot]   Maximum CDF difference: 0.9000
[2025-10-29T21:04:02Z INFO  analyzer::memory] Generating CDF plot for instruction 0xa50 operand 2 (p=0.000607)
[2025-10-29T21:04:02Z INFO  analyzer::plot] CDF plot saved to: owl_cdf_plots/instr_0xa50_operand_2_p0.000607.png
[2025-10-29T21:04:02Z INFO  analyzer::plot]   Fixed total accesses: 10
[2025-10-29T21:04:02Z INFO  analyzer::plot]   Random total accesses: 10
[2025-10-29T21:04:02Z INFO  analyzer::plot]   Maximum CDF difference: 0.9000
[2025-10-29T21:04:02Z INFO  analyzer::memory] Generating CDF plot for instruction 0xa50 operand 3 (p=0.000607)
[2025-10-29T21:04:02Z INFO  analyzer::plot] CDF plot saved to: owl_cdf_plots/instr_0xa50_operand_3_p0.000607.png
[2025-10-29T21:04:02Z INFO  analyzer::plot]   Fixed total accesses: 10
[2025-10-29T21:04:02Z INFO  analyzer::plot]   Random total accesses: 10
[2025-10-29T21:04:02Z INFO  analyzer::plot]   Maximum CDF difference: 0.9000
[2025-10-29T21:04:02Z INFO  analyzer::memory] Generating CDF plot for instruction 0xa50 operand 4 (p=0.000607)
[2025-10-29T21:04:02Z INFO  analyzer::plot] CDF plot saved to: owl_cdf_plots/instr_0xa50_operand_4_p0.000607.png
[2025-10-29T21:04:02Z INFO  analyzer::plot]   Fixed total accesses: 10
[2025-10-29T21:04:02Z INFO  analyzer::plot]   Random total accesses: 10
[2025-10-29T21:04:02Z INFO  analyzer::plot]   Maximum CDF difference: 0.9000
[2025-10-29T21:04:02Z INFO  analyzer::memory] Generating CDF plot for instruction 0xa80 operand 36 (p=0.014893)
[2025-10-29T21:04:02Z INFO  analyzer::plot] CDF plot saved to: owl_cdf_plots/instr_0xa80_operand_36_p0.014893.png
[2025-10-29T21:04:02Z INFO  analyzer::plot]   Fixed total accesses: 10
[2025-10-29T21:04:02Z INFO  analyzer::plot]   Random total accesses: 10
[2025-10-29T21:04:02Z INFO  analyzer::plot]   Maximum CDF difference: 0.7000
[2025-10-29T21:04:02Z INFO  analyzer::memory] Generating CDF plot for instruction 0xaa0 operand 23 (p=0.014893)
[2025-10-29T21:04:02Z INFO  analyzer::plot] CDF plot saved to: owl_cdf_plots/instr_0xaa0_operand_23_p0.014893.png
[2025-10-29T21:04:02Z INFO  analyzer::plot]   Fixed total accesses: 10
[2025-10-29T21:04:02Z INFO  analyzer::plot]   Random total accesses: 10
[2025-10-29T21:04:02Z INFO  analyzer::plot]   Maximum CDF difference: 0.7000
[2025-10-29T21:04:02Z INFO  analyzer::memory] Generating CDF plot for instruction 0xaa0 operand 56 (p=0.014893)
[2025-10-29T21:04:02Z INFO  analyzer::plot] CDF plot saved to: owl_cdf_plots/instr_0xaa0_operand_56_p0.014893.png
[2025-10-29T21:04:02Z INFO  analyzer::plot]   Fixed total accesses: 10
[2025-10-29T21:04:02Z INFO  analyzer::plot]   Random total accesses: 10
[2025-10-29T21:04:02Z INFO  analyzer::plot]   Maximum CDF difference: 0.7000
[2025-10-29T21:04:02Z INFO  analyzer::memory] Generating CDF plot for instruction 0xae0 operand 5 (p=0.014893)
[2025-10-29T21:04:02Z INFO  analyzer::plot] CDF plot saved to: owl_cdf_plots/instr_0xae0_operand_5_p0.014893.png
[2025-10-29T21:04:02Z INFO  analyzer::plot]   Fixed total accesses: 10
[2025-10-29T21:04:02Z INFO  analyzer::plot]   Random total accesses: 10
[2025-10-29T21:04:02Z INFO  analyzer::plot]   Maximum CDF difference: 0.7000
[2025-10-29T21:04:02Z INFO  analyzer::memory] Generating CDF plot for instruction 0xae0 operand 28 (p=0.014893)
[2025-10-29T21:04:02Z INFO  analyzer::plot] CDF plot saved to: owl_cdf_plots/instr_0xae0_operand_28_p0.014893.png
[2025-10-29T21:04:02Z INFO  analyzer::plot]   Fixed total accesses: 10
[2025-10-29T21:04:02Z INFO  analyzer::plot]   Random total accesses: 10
[2025-10-29T21:04:02Z INFO  analyzer::plot]   Maximum CDF difference: 0.7000
[2025-10-29T21:04:02Z INFO  analyzer::memory] Generating CDF plot for instruction 0xba0 operand 7 (p=0.014893)
[2025-10-29T21:04:02Z INFO  analyzer::plot] CDF plot saved to: owl_cdf_plots/instr_0xba0_operand_7_p0.014893.png
[2025-10-29T21:04:02Z INFO  analyzer::plot]   Fixed total accesses: 10
[2025-10-29T21:04:02Z INFO  analyzer::plot]   Random total accesses: 10
[2025-10-29T21:04:02Z INFO  analyzer::plot]   Maximum CDF difference: 0.7000
[2025-10-29T21:04:02Z INFO  analyzer::memory] Generating CDF plot for instruction 0xba0 operand 13 (p=0.014893)
[2025-10-29T21:04:02Z INFO  analyzer::plot] CDF plot saved to: owl_cdf_plots/instr_0xba0_operand_13_p0.014893.png
[2025-10-29T21:04:02Z INFO  analyzer::plot]   Fixed total accesses: 10
[2025-10-29T21:04:02Z INFO  analyzer::plot]   Random total accesses: 10
[2025-10-29T21:04:02Z INFO  analyzer::plot]   Maximum CDF difference: 0.7000
[2025-10-29T21:04:02Z INFO  analyzer::memory] Generating CDF plot for instruction 0xc30 operand 32 (p=0.014893)
[2025-10-29T21:04:02Z INFO  analyzer::plot] CDF plot saved to: owl_cdf_plots/instr_0xc30_operand_32_p0.014893.png
[2025-10-29T21:04:02Z INFO  analyzer::plot]   Fixed total accesses: 10
[2025-10-29T21:04:02Z INFO  analyzer::plot]   Random total accesses: 10
[2025-10-29T21:04:02Z INFO  analyzer::plot]   Maximum CDF difference: 0.7000
[2025-10-29T21:04:02Z INFO  analyzer::memory] Generating CDF plot for instruction 0xd10 operand 50 (p=0.003323)
[2025-10-29T21:04:02Z INFO  analyzer::plot] CDF plot saved to: owl_cdf_plots/instr_0xd10_operand_50_p0.003323.png
[2025-10-29T21:04:02Z INFO  analyzer::plot]   Fixed total accesses: 10
[2025-10-29T21:04:02Z INFO  analyzer::plot]   Random total accesses: 10
[2025-10-29T21:04:02Z INFO  analyzer::plot]   Maximum CDF difference: 0.8000
[2025-10-29T21:04:02Z INFO  analyzer::memory] Generating CDF plot for instruction 0xd70 operand 0 (p=0.000091)
[2025-10-29T21:04:02Z INFO  analyzer::plot] CDF plot saved to: owl_cdf_plots/instr_0xd70_operand_0_p0.000091.png
[2025-10-29T21:04:02Z INFO  analyzer::plot]   Fixed total accesses: 10
[2025-10-29T21:04:02Z INFO  analyzer::plot]   Random total accesses: 10
[2025-10-29T21:04:02Z INFO  analyzer::plot]   Maximum CDF difference: 1.0000
[2025-10-29T21:04:02Z INFO  analyzer::memory] Generating CDF plot for instruction 0xd70 operand 1 (p=0.000091)
[2025-10-29T21:04:02Z INFO  analyzer::plot] CDF plot saved to: owl_cdf_plots/instr_0xd70_operand_1_p0.000091.png
[2025-10-29T21:04:02Z INFO  analyzer::plot]   Fixed total accesses: 10
[2025-10-29T21:04:02Z INFO  analyzer::plot]   Random total accesses: 10
[2025-10-29T21:04:02Z INFO  analyzer::plot]   Maximum CDF difference: 1.0000
[2025-10-29T21:04:02Z INFO  analyzer::memory] Generating CDF plot for instruction 0xd70 operand 2 (p=0.000091)
[2025-10-29T21:04:02Z INFO  analyzer::plot] CDF plot saved to: owl_cdf_plots/instr_0xd70_operand_2_p0.000091.png
[2025-10-29T21:04:02Z INFO  analyzer::plot]   Fixed total accesses: 10
[2025-10-29T21:04:02Z INFO  analyzer::plot]   Random total accesses: 10
[2025-10-29T21:04:02Z INFO  analyzer::plot]   Maximum CDF difference: 1.0000
[2025-10-29T21:04:02Z INFO  analyzer::memory] Generating CDF plot for instruction 0xd70 operand 3 (p=0.000091)
[2025-10-29T21:04:02Z INFO  analyzer::plot] CDF plot saved to: owl_cdf_plots/instr_0xd70_operand_3_p0.000091.png
[2025-10-29T21:04:02Z INFO  analyzer::plot]   Fixed total accesses: 10
[2025-10-29T21:04:02Z INFO  analyzer::plot]   Random total accesses: 10
[2025-10-29T21:04:02Z INFO  analyzer::plot]   Maximum CDF difference: 1.0000
[2025-10-29T21:04:02Z INFO  analyzer::memory] Generating CDF plot for instruction 0xd70 operand 4 (p=0.000091)
[2025-10-29T21:04:02Z INFO  analyzer::plot] CDF plot saved to: owl_cdf_plots/instr_0xd70_operand_4_p0.000091.png
[2025-10-29T21:04:02Z INFO  analyzer::plot]   Fixed total accesses: 10
[2025-10-29T21:04:02Z INFO  analyzer::plot]   Random total accesses: 10
[2025-10-29T21:04:02Z INFO  analyzer::plot]   Maximum CDF difference: 1.0000
[2025-10-29T21:04:02Z INFO  analyzer::memory] Generating CDF plot for instruction 0xe10 operand 0 (p=0.014893)
[2025-10-29T21:04:02Z INFO  analyzer::plot] CDF plot saved to: owl_cdf_plots/instr_0xe10_operand_0_p0.014893.png
[2025-10-29T21:04:02Z INFO  analyzer::plot]   Fixed total accesses: 10
[2025-10-29T21:04:02Z INFO  analyzer::plot]   Random total accesses: 10
[2025-10-29T21:04:02Z INFO  analyzer::plot]   Maximum CDF difference: 0.7000
[2025-10-29T21:04:02Z INFO  analyzer::memory] Generating CDF plot for instruction 0xe10 operand 1 (p=0.014893)
[2025-10-29T21:04:02Z INFO  analyzer::plot] CDF plot saved to: owl_cdf_plots/instr_0xe10_operand_1_p0.014893.png
[2025-10-29T21:04:02Z INFO  analyzer::plot]   Fixed total accesses: 10
[2025-10-29T21:04:02Z INFO  analyzer::plot]   Random total accesses: 10
[2025-10-29T21:04:02Z INFO  analyzer::plot]   Maximum CDF difference: 0.7000
[2025-10-29T21:04:02Z INFO  analyzer::memory] Generating CDF plot for instruction 0xe10 operand 2 (p=0.014893)
[2025-10-29T21:04:02Z INFO  analyzer::plot] CDF plot saved to: owl_cdf_plots/instr_0xe10_operand_2_p0.014893.png
[2025-10-29T21:04:02Z INFO  analyzer::plot]   Fixed total accesses: 10
[2025-10-29T21:04:02Z INFO  analyzer::plot]   Random total accesses: 10
[2025-10-29T21:04:02Z INFO  analyzer::plot]   Maximum CDF difference: 0.7000
[2025-10-29T21:04:02Z INFO  analyzer::memory] Generating CDF plot for instruction 0xe10 operand 3 (p=0.014893)
[2025-10-29T21:04:02Z INFO  analyzer::plot] CDF plot saved to: owl_cdf_plots/instr_0xe10_operand_3_p0.014893.png
[2025-10-29T21:04:02Z INFO  analyzer::plot]   Fixed total accesses: 10
[2025-10-29T21:04:02Z INFO  analyzer::plot]   Random total accesses: 10
[2025-10-29T21:04:02Z INFO  analyzer::plot]   Maximum CDF difference: 0.7000
[2025-10-29T21:04:02Z INFO  analyzer::memory] Generating CDF plot for instruction 0xe10 operand 4 (p=0.014893)
[2025-10-29T21:04:02Z INFO  analyzer::plot] CDF plot saved to: owl_cdf_plots/instr_0xe10_operand_4_p0.014893.png
[2025-10-29T21:04:02Z INFO  analyzer::plot]   Fixed total accesses: 10
[2025-10-29T21:04:02Z INFO  analyzer::plot]   Random total accesses: 10
[2025-10-29T21:04:02Z INFO  analyzer::plot]   Maximum CDF difference: 0.7000
[2025-10-29T21:04:02Z INFO  analyzer::memory] Generating CDF plot for instruction 0xe30 operand 15 (p=0.014893)
[2025-10-29T21:04:02Z INFO  analyzer::plot] CDF plot saved to: owl_cdf_plots/instr_0xe30_operand_15_p0.014893.png
[2025-10-29T21:04:02Z INFO  analyzer::plot]   Fixed total accesses: 10
[2025-10-29T21:04:02Z INFO  analyzer::plot]   Random total accesses: 10
[2025-10-29T21:04:02Z INFO  analyzer::plot]   Maximum CDF difference: 0.7000
[2025-10-29T21:04:02Z INFO  analyzer::memory] Generating CDF plot for instruction 0xe80 operand 0 (p=0.000091)
[2025-10-29T21:04:02Z INFO  analyzer::plot] CDF plot saved to: owl_cdf_plots/instr_0xe80_operand_0_p0.000091.png
[2025-10-29T21:04:02Z INFO  analyzer::plot]   Fixed total accesses: 10
[2025-10-29T21:04:02Z INFO  analyzer::plot]   Random total accesses: 10
[2025-10-29T21:04:02Z INFO  analyzer::plot]   Maximum CDF difference: 1.0000
[2025-10-29T21:04:02Z INFO  analyzer::memory] Generating CDF plot for instruction 0xe80 operand 1 (p=0.000091)
[2025-10-29T21:04:02Z INFO  analyzer::plot] CDF plot saved to: owl_cdf_plots/instr_0xe80_operand_1_p0.000091.png
[2025-10-29T21:04:02Z INFO  analyzer::plot]   Fixed total accesses: 10
[2025-10-29T21:04:02Z INFO  analyzer::plot]   Random total accesses: 10
[2025-10-29T21:04:02Z INFO  analyzer::plot]   Maximum CDF difference: 1.0000
[2025-10-29T21:04:02Z INFO  analyzer::memory] Generating CDF plot for instruction 0xe80 operand 2 (p=0.000091)
[2025-10-29T21:04:02Z INFO  analyzer::plot] CDF plot saved to: owl_cdf_plots/instr_0xe80_operand_2_p0.000091.png
[2025-10-29T21:04:02Z INFO  analyzer::plot]   Fixed total accesses: 10
[2025-10-29T21:04:02Z INFO  analyzer::plot]   Random total accesses: 10
[2025-10-29T21:04:02Z INFO  analyzer::plot]   Maximum CDF difference: 1.0000
[2025-10-29T21:04:02Z INFO  analyzer::memory] Generating CDF plot for instruction 0xe80 operand 3 (p=0.000091)
[2025-10-29T21:04:02Z INFO  analyzer::plot] CDF plot saved to: owl_cdf_plots/instr_0xe80_operand_3_p0.000091.png
[2025-10-29T21:04:02Z INFO  analyzer::plot]   Fixed total accesses: 10
[2025-10-29T21:04:02Z INFO  analyzer::plot]   Random total accesses: 10
[2025-10-29T21:04:02Z INFO  analyzer::plot]   Maximum CDF difference: 1.0000
[2025-10-29T21:04:02Z INFO  analyzer::memory] Generating CDF plot for instruction 0xe80 operand 4 (p=0.000091)
[2025-10-29T21:04:02Z INFO  analyzer::plot] CDF plot saved to: owl_cdf_plots/instr_0xe80_operand_4_p0.000091.png
[2025-10-29T21:04:02Z INFO  analyzer::plot]   Fixed total accesses: 10
[2025-10-29T21:04:02Z INFO  analyzer::plot]   Random total accesses: 10
[2025-10-29T21:04:02Z INFO  analyzer::plot]   Maximum CDF difference: 1.0000
[2025-10-29T21:04:02Z INFO  analyzer::memory] Generating CDF plot for instruction 0xeb0 operand 0 (p=0.014893)
[2025-10-29T21:04:02Z INFO  analyzer::plot] CDF plot saved to: owl_cdf_plots/instr_0xeb0_operand_0_p0.014893.png
[2025-10-29T21:04:02Z INFO  analyzer::plot]   Fixed total accesses: 10
[2025-10-29T21:04:02Z INFO  analyzer::plot]   Random total accesses: 10
[2025-10-29T21:04:02Z INFO  analyzer::plot]   Maximum CDF difference: 0.7000
[2025-10-29T21:04:02Z INFO  analyzer::memory] Generating CDF plot for instruction 0xeb0 operand 1 (p=0.014893)
[2025-10-29T21:04:02Z INFO  analyzer::plot] CDF plot saved to: owl_cdf_plots/instr_0xeb0_operand_1_p0.014893.png
[2025-10-29T21:04:02Z INFO  analyzer::plot]   Fixed total accesses: 10
[2025-10-29T21:04:02Z INFO  analyzer::plot]   Random total accesses: 10
[2025-10-29T21:04:02Z INFO  analyzer::plot]   Maximum CDF difference: 0.7000
[2025-10-29T21:04:02Z INFO  analyzer::memory] Generating CDF plot for instruction 0xeb0 operand 2 (p=0.014893)
[2025-10-29T21:04:02Z INFO  analyzer::plot] CDF plot saved to: owl_cdf_plots/instr_0xeb0_operand_2_p0.014893.png
[2025-10-29T21:04:02Z INFO  analyzer::plot]   Fixed total accesses: 10
[2025-10-29T21:04:02Z INFO  analyzer::plot]   Random total accesses: 10
[2025-10-29T21:04:02Z INFO  analyzer::plot]   Maximum CDF difference: 0.7000
[2025-10-29T21:04:02Z INFO  analyzer::memory] Generating CDF plot for instruction 0xeb0 operand 3 (p=0.014893)
[2025-10-29T21:04:02Z INFO  analyzer::plot] CDF plot saved to: owl_cdf_plots/instr_0xeb0_operand_3_p0.014893.png
[2025-10-29T21:04:02Z INFO  analyzer::plot]   Fixed total accesses: 10
[2025-10-29T21:04:02Z INFO  analyzer::plot]   Random total accesses: 10
[2025-10-29T21:04:02Z INFO  analyzer::plot]   Maximum CDF difference: 0.7000
[2025-10-29T21:04:02Z INFO  analyzer::memory] Generating CDF plot for instruction 0xeb0 operand 4 (p=0.014893)
[2025-10-29T21:04:02Z INFO  analyzer::plot] CDF plot saved to: owl_cdf_plots/instr_0xeb0_operand_4_p0.014893.png
[2025-10-29T21:04:02Z INFO  analyzer::plot]   Fixed total accesses: 10
[2025-10-29T21:04:02Z INFO  analyzer::plot]   Random total accesses: 10
[2025-10-29T21:04:02Z INFO  analyzer::plot]   Maximum CDF difference: 0.7000
[2025-10-29T21:04:02Z INFO  analyzer::memory] Generating CDF plot for instruction 0xed0 operand 34 (p=0.014893)
[2025-10-29T21:04:02Z INFO  analyzer::plot] CDF plot saved to: owl_cdf_plots/instr_0xed0_operand_34_p0.014893.png
[2025-10-29T21:04:02Z INFO  analyzer::plot]   Fixed total accesses: 10
[2025-10-29T21:04:02Z INFO  analyzer::plot]   Random total accesses: 10
[2025-10-29T21:04:02Z INFO  analyzer::plot]   Maximum CDF difference: 0.7000
[2025-10-29T21:04:02Z INFO  analyzer::memory] Generating CDF plot for instruction 0xfb0 operand 14 (p=0.014893)
[2025-10-29T21:04:02Z INFO  analyzer::plot] CDF plot saved to: owl_cdf_plots/instr_0xfb0_operand_14_p0.014893.png
[2025-10-29T21:04:02Z INFO  analyzer::plot]   Fixed total accesses: 10
[2025-10-29T21:04:02Z INFO  analyzer::plot]   Random total accesses: 10
[2025-10-29T21:04:02Z INFO  analyzer::plot]   Maximum CDF difference: 0.7000
[2025-10-29T21:04:02Z INFO  analyzer::memory] Generating CDF plot for instruction 0xfe0 operand 56 (p=0.014893)
[2025-10-29T21:04:02Z INFO  analyzer::plot] CDF plot saved to: owl_cdf_plots/instr_0xfe0_operand_56_p0.014893.png
[2025-10-29T21:04:02Z INFO  analyzer::plot]   Fixed total accesses: 10
[2025-10-29T21:04:02Z INFO  analyzer::plot]   Random total accesses: 10
[2025-10-29T21:04:02Z INFO  analyzer::plot]   Maximum CDF difference: 0.7000
[2025-10-29T21:04:02Z INFO  analyzer::memory] Generating CDF plot for instruction 0x1010 operand 40 (p=0.014893)
[2025-10-29T21:04:02Z INFO  analyzer::plot] CDF plot saved to: owl_cdf_plots/instr_0x1010_operand_40_p0.014893.png
[2025-10-29T21:04:02Z INFO  analyzer::plot]   Fixed total accesses: 10
[2025-10-29T21:04:02Z INFO  analyzer::plot]   Random total accesses: 10
[2025-10-29T21:04:02Z INFO  analyzer::plot]   Maximum CDF difference: 0.7000
[2025-10-29T21:04:02Z INFO  analyzer::memory] Generating CDF plot for instruction 0x1050 operand 20 (p=0.014893)
[2025-10-29T21:04:02Z INFO  analyzer::plot] CDF plot saved to: owl_cdf_plots/instr_0x1050_operand_20_p0.014893.png
[2025-10-29T21:04:02Z INFO  analyzer::plot]   Fixed total accesses: 10
[2025-10-29T21:04:02Z INFO  analyzer::plot]   Random total accesses: 10
[2025-10-29T21:04:02Z INFO  analyzer::plot]   Maximum CDF difference: 0.7000
[2025-10-29T21:04:02Z INFO  analyzer::memory] Generating CDF plot for instruction 0x1050 operand 23 (p=0.003323)
[2025-10-29T21:04:02Z INFO  analyzer::plot] CDF plot saved to: owl_cdf_plots/instr_0x1050_operand_23_p0.003323.png
[2025-10-29T21:04:02Z INFO  analyzer::plot]   Fixed total accesses: 10
[2025-10-29T21:04:02Z INFO  analyzer::plot]   Random total accesses: 10
[2025-10-29T21:04:02Z INFO  analyzer::plot]   Maximum CDF difference: 0.8000
[2025-10-29T21:04:02Z INFO  analyzer::memory] Generating CDF plot for instruction 0x10e0 operand 13 (p=0.014893)
[2025-10-29T21:04:02Z INFO  analyzer::plot] CDF plot saved to: owl_cdf_plots/instr_0x10e0_operand_13_p0.014893.png
[2025-10-29T21:04:02Z INFO  analyzer::plot]   Fixed total accesses: 10
[2025-10-29T21:04:02Z INFO  analyzer::plot]   Random total accesses: 10
[2025-10-29T21:04:02Z INFO  analyzer::plot]   Maximum CDF difference: 0.7000
[2025-10-29T21:04:02Z INFO  analyzer::memory] Generating CDF plot for instruction 0x10e0 operand 32 (p=0.003323)
[2025-10-29T21:04:02Z INFO  analyzer::plot] CDF plot saved to: owl_cdf_plots/instr_0x10e0_operand_32_p0.003323.png
[2025-10-29T21:04:02Z INFO  analyzer::plot]   Fixed total accesses: 10
[2025-10-29T21:04:02Z INFO  analyzer::plot]   Random total accesses: 10
[2025-10-29T21:04:02Z INFO  analyzer::plot]   Maximum CDF difference: 0.8000
[2025-10-29T21:04:02Z INFO  analyzer::memory] Generating CDF plot for instruction 0x10e0 operand 63 (p=0.014893)
[2025-10-29T21:04:02Z INFO  analyzer::plot] CDF plot saved to: owl_cdf_plots/instr_0x10e0_operand_63_p0.014893.png
[2025-10-29T21:04:02Z INFO  analyzer::plot]   Fixed total accesses: 10
[2025-10-29T21:04:02Z INFO  analyzer::plot]   Random total accesses: 10
[2025-10-29T21:04:02Z INFO  analyzer::plot]   Maximum CDF difference: 0.7000
[2025-10-29T21:04:02Z INFO  analyzer::memory] Generating CDF plot for instruction 0x1100 operand 19 (p=0.014893)
[2025-10-29T21:04:02Z INFO  analyzer::plot] CDF plot saved to: owl_cdf_plots/instr_0x1100_operand_19_p0.014893.png
[2025-10-29T21:04:02Z INFO  analyzer::plot]   Fixed total accesses: 10
[2025-10-29T21:04:02Z INFO  analyzer::plot]   Random total accesses: 10
[2025-10-29T21:04:02Z INFO  analyzer::plot]   Maximum CDF difference: 0.7000
[2025-10-29T21:04:02Z INFO  analyzer::memory] Generating CDF plot for instruction 0x1110 operand 58 (p=0.014893)
[2025-10-29T21:04:02Z INFO  analyzer::plot] CDF plot saved to: owl_cdf_plots/instr_0x1110_operand_58_p0.014893.png
[2025-10-29T21:04:02Z INFO  analyzer::plot]   Fixed total accesses: 10
[2025-10-29T21:04:02Z INFO  analyzer::plot]   Random total accesses: 10
[2025-10-29T21:04:02Z INFO  analyzer::plot]   Maximum CDF difference: 0.7000
[2025-10-29T21:04:02Z INFO  analyzer::memory] Generating CDF plot for instruction 0x11c0 operand 0 (p=0.014893)
[2025-10-29T21:04:02Z INFO  analyzer::plot] CDF plot saved to: owl_cdf_plots/instr_0x11c0_operand_0_p0.014893.png
[2025-10-29T21:04:02Z INFO  analyzer::plot]   Fixed total accesses: 10
[2025-10-29T21:04:02Z INFO  analyzer::plot]   Random total accesses: 10
[2025-10-29T21:04:02Z INFO  analyzer::plot]   Maximum CDF difference: 0.7000
[2025-10-29T21:04:02Z INFO  analyzer::memory] Generating CDF plot for instruction 0x11c0 operand 1 (p=0.014893)
[2025-10-29T21:04:02Z INFO  analyzer::plot] CDF plot saved to: owl_cdf_plots/instr_0x11c0_operand_1_p0.014893.png
[2025-10-29T21:04:02Z INFO  analyzer::plot]   Fixed total accesses: 10
[2025-10-29T21:04:02Z INFO  analyzer::plot]   Random total accesses: 10
[2025-10-29T21:04:02Z INFO  analyzer::plot]   Maximum CDF difference: 0.7000
[2025-10-29T21:04:02Z INFO  analyzer::memory] Generating CDF plot for instruction 0x11c0 operand 2 (p=0.014893)
[2025-10-29T21:04:02Z INFO  analyzer::plot] CDF plot saved to: owl_cdf_plots/instr_0x11c0_operand_2_p0.014893.png
[2025-10-29T21:04:02Z INFO  analyzer::plot]   Fixed total accesses: 10
[2025-10-29T21:04:02Z INFO  analyzer::plot]   Random total accesses: 10
[2025-10-29T21:04:02Z INFO  analyzer::plot]   Maximum CDF difference: 0.7000
[2025-10-29T21:04:02Z INFO  analyzer::memory] Generating CDF plot for instruction 0x11c0 operand 3 (p=0.014893)
[2025-10-29T21:04:02Z INFO  analyzer::plot] CDF plot saved to: owl_cdf_plots/instr_0x11c0_operand_3_p0.014893.png
[2025-10-29T21:04:02Z INFO  analyzer::plot]   Fixed total accesses: 10
[2025-10-29T21:04:02Z INFO  analyzer::plot]   Random total accesses: 10
[2025-10-29T21:04:02Z INFO  analyzer::plot]   Maximum CDF difference: 0.7000
[2025-10-29T21:04:02Z INFO  analyzer::memory] Generating CDF plot for instruction 0x11c0 operand 4 (p=0.014893)
[2025-10-29T21:04:02Z INFO  analyzer::plot] CDF plot saved to: owl_cdf_plots/instr_0x11c0_operand_4_p0.014893.png
[2025-10-29T21:04:02Z INFO  analyzer::plot]   Fixed total accesses: 10
[2025-10-29T21:04:02Z INFO  analyzer::plot]   Random total accesses: 10
[2025-10-29T21:04:02Z INFO  analyzer::plot]   Maximum CDF difference: 0.7000
[2025-10-29T21:04:02Z INFO  analyzer::memory] Generating CDF plot for instruction 0x11f0 operand 0 (p=0.000607)
[2025-10-29T21:04:02Z INFO  analyzer::plot] CDF plot saved to: owl_cdf_plots/instr_0x11f0_operand_0_p0.000607.png
[2025-10-29T21:04:02Z INFO  analyzer::plot]   Fixed total accesses: 10
[2025-10-29T21:04:02Z INFO  analyzer::plot]   Random total accesses: 10
[2025-10-29T21:04:02Z INFO  analyzer::plot]   Maximum CDF difference: 0.9000
[2025-10-29T21:04:02Z INFO  analyzer::memory] Generating CDF plot for instruction 0x11f0 operand 1 (p=0.000607)
[2025-10-29T21:04:02Z INFO  analyzer::plot] CDF plot saved to: owl_cdf_plots/instr_0x11f0_operand_1_p0.000607.png
[2025-10-29T21:04:02Z INFO  analyzer::plot]   Fixed total accesses: 10
[2025-10-29T21:04:02Z INFO  analyzer::plot]   Random total accesses: 10
[2025-10-29T21:04:02Z INFO  analyzer::plot]   Maximum CDF difference: 0.9000
[2025-10-29T21:04:02Z INFO  analyzer::memory] Generating CDF plot for instruction 0x11f0 operand 2 (p=0.000607)
[2025-10-29T21:04:02Z INFO  analyzer::plot] CDF plot saved to: owl_cdf_plots/instr_0x11f0_operand_2_p0.000607.png
[2025-10-29T21:04:02Z INFO  analyzer::plot]   Fixed total accesses: 10
[2025-10-29T21:04:02Z INFO  analyzer::plot]   Random total accesses: 10
[2025-10-29T21:04:02Z INFO  analyzer::plot]   Maximum CDF difference: 0.9000
[2025-10-29T21:04:02Z INFO  analyzer::memory] Generating CDF plot for instruction 0x11f0 operand 3 (p=0.000607)
[2025-10-29T21:04:02Z INFO  analyzer::plot] CDF plot saved to: owl_cdf_plots/instr_0x11f0_operand_3_p0.000607.png
[2025-10-29T21:04:02Z INFO  analyzer::plot]   Fixed total accesses: 10
[2025-10-29T21:04:02Z INFO  analyzer::plot]   Random total accesses: 10
[2025-10-29T21:04:02Z INFO  analyzer::plot]   Maximum CDF difference: 0.9000
[2025-10-29T21:04:02Z INFO  analyzer::memory] Generating CDF plot for instruction 0x11f0 operand 4 (p=0.000607)
[2025-10-29T21:04:02Z INFO  analyzer::plot] CDF plot saved to: owl_cdf_plots/instr_0x11f0_operand_4_p0.000607.png
[2025-10-29T21:04:02Z INFO  analyzer::plot]   Fixed total accesses: 10
[2025-10-29T21:04:02Z INFO  analyzer::plot]   Random total accesses: 10
[2025-10-29T21:04:02Z INFO  analyzer::plot]   Maximum CDF difference: 0.9000
[2025-10-29T21:04:02Z INFO  analyzer::memory] Generating CDF plot for instruction 0x1290 operand 6 (p=0.014893)
[2025-10-29T21:04:02Z INFO  analyzer::plot] CDF plot saved to: owl_cdf_plots/instr_0x1290_operand_6_p0.014893.png
[2025-10-29T21:04:02Z INFO  analyzer::plot]   Fixed total accesses: 10
[2025-10-29T21:04:02Z INFO  analyzer::plot]   Random total accesses: 10
[2025-10-29T21:04:02Z INFO  analyzer::plot]   Maximum CDF difference: 0.7000
[2025-10-29T21:04:02Z INFO  analyzer::memory] Generating CDF plot for instruction 0x12a0 operand 0 (p=0.014893)
[2025-10-29T21:04:02Z INFO  analyzer::plot] CDF plot saved to: owl_cdf_plots/instr_0x12a0_operand_0_p0.014893.png
[2025-10-29T21:04:02Z INFO  analyzer::plot]   Fixed total accesses: 10
[2025-10-29T21:04:02Z INFO  analyzer::plot]   Random total accesses: 10
[2025-10-29T21:04:02Z INFO  analyzer::plot]   Maximum CDF difference: 0.7000
[2025-10-29T21:04:02Z INFO  analyzer::memory] Generating CDF plot for instruction 0x12a0 operand 1 (p=0.014893)
[2025-10-29T21:04:02Z INFO  analyzer::plot] CDF plot saved to: owl_cdf_plots/instr_0x12a0_operand_1_p0.014893.png
[2025-10-29T21:04:02Z INFO  analyzer::plot]   Fixed total accesses: 10
[2025-10-29T21:04:02Z INFO  analyzer::plot]   Random total accesses: 10
[2025-10-29T21:04:02Z INFO  analyzer::plot]   Maximum CDF difference: 0.7000
[2025-10-29T21:04:02Z INFO  analyzer::memory] Generating CDF plot for instruction 0x12a0 operand 2 (p=0.014893)
[2025-10-29T21:04:02Z INFO  analyzer::plot] CDF plot saved to: owl_cdf_plots/instr_0x12a0_operand_2_p0.014893.png
[2025-10-29T21:04:02Z INFO  analyzer::plot]   Fixed total accesses: 10
[2025-10-29T21:04:02Z INFO  analyzer::plot]   Random total accesses: 10
[2025-10-29T21:04:02Z INFO  analyzer::plot]   Maximum CDF difference: 0.7000
[2025-10-29T21:04:02Z INFO  analyzer::memory] Generating CDF plot for instruction 0x12a0 operand 3 (p=0.014893)
[2025-10-29T21:04:02Z INFO  analyzer::plot] CDF plot saved to: owl_cdf_plots/instr_0x12a0_operand_3_p0.014893.png
[2025-10-29T21:04:02Z INFO  analyzer::plot]   Fixed total accesses: 10
[2025-10-29T21:04:02Z INFO  analyzer::plot]   Random total accesses: 10
[2025-10-29T21:04:02Z INFO  analyzer::plot]   Maximum CDF difference: 0.7000
[2025-10-29T21:04:02Z INFO  analyzer::memory] Generating CDF plot for instruction 0x12a0 operand 4 (p=0.014893)
[2025-10-29T21:04:02Z INFO  analyzer::plot] CDF plot saved to: owl_cdf_plots/instr_0x12a0_operand_4_p0.014893.png
[2025-10-29T21:04:02Z INFO  analyzer::plot]   Fixed total accesses: 10
[2025-10-29T21:04:02Z INFO  analyzer::plot]   Random total accesses: 10
[2025-10-29T21:04:02Z INFO  analyzer::plot]   Maximum CDF difference: 0.7000
[2025-10-29T21:04:02Z INFO  analyzer::memory] Generating CDF plot for instruction 0x1330 operand 43 (p=0.014893)
[2025-10-29T21:04:02Z INFO  analyzer::plot] CDF plot saved to: owl_cdf_plots/instr_0x1330_operand_43_p0.014893.png
[2025-10-29T21:04:02Z INFO  analyzer::plot]   Fixed total accesses: 10
[2025-10-29T21:04:02Z INFO  analyzer::plot]   Random total accesses: 10
[2025-10-29T21:04:02Z INFO  analyzer::plot]   Maximum CDF difference: 0.7000
[2025-10-29T21:04:02Z INFO  analyzer::memory] Generating CDF plot for instruction 0x1370 operand 0 (p=0.014893)
[2025-10-29T21:04:02Z INFO  analyzer::plot] CDF plot saved to: owl_cdf_plots/instr_0x1370_operand_0_p0.014893.png
[2025-10-29T21:04:02Z INFO  analyzer::plot]   Fixed total accesses: 10
[2025-10-29T21:04:02Z INFO  analyzer::plot]   Random total accesses: 10
[2025-10-29T21:04:02Z INFO  analyzer::plot]   Maximum CDF difference: 0.7000
[2025-10-29T21:04:02Z INFO  analyzer::memory] Generating CDF plot for instruction 0x1370 operand 1 (p=0.014893)
[2025-10-29T21:04:02Z INFO  analyzer::plot] CDF plot saved to: owl_cdf_plots/instr_0x1370_operand_1_p0.014893.png
[2025-10-29T21:04:02Z INFO  analyzer::plot]   Fixed total accesses: 10
[2025-10-29T21:04:02Z INFO  analyzer::plot]   Random total accesses: 10
[2025-10-29T21:04:02Z INFO  analyzer::plot]   Maximum CDF difference: 0.7000
[2025-10-29T21:04:02Z INFO  analyzer::memory] Generating CDF plot for instruction 0x1370 operand 2 (p=0.014893)
[2025-10-29T21:04:02Z INFO  analyzer::plot] CDF plot saved to: owl_cdf_plots/instr_0x1370_operand_2_p0.014893.png
[2025-10-29T21:04:02Z INFO  analyzer::plot]   Fixed total accesses: 10
[2025-10-29T21:04:02Z INFO  analyzer::plot]   Random total accesses: 10
[2025-10-29T21:04:02Z INFO  analyzer::plot]   Maximum CDF difference: 0.7000
[2025-10-29T21:04:02Z INFO  analyzer::memory] Generating CDF plot for instruction 0x1370 operand 3 (p=0.014893)
[2025-10-29T21:04:02Z INFO  analyzer::plot] CDF plot saved to: owl_cdf_plots/instr_0x1370_operand_3_p0.014893.png
[2025-10-29T21:04:02Z INFO  analyzer::plot]   Fixed total accesses: 10
[2025-10-29T21:04:02Z INFO  analyzer::plot]   Random total accesses: 10
[2025-10-29T21:04:02Z INFO  analyzer::plot]   Maximum CDF difference: 0.7000
[2025-10-29T21:04:02Z INFO  analyzer::memory] Generating CDF plot for instruction 0x1370 operand 4 (p=0.014893)
[2025-10-29T21:04:02Z INFO  analyzer::plot] CDF plot saved to: owl_cdf_plots/instr_0x1370_operand_4_p0.014893.png
[2025-10-29T21:04:02Z INFO  analyzer::plot]   Fixed total accesses: 10
[2025-10-29T21:04:02Z INFO  analyzer::plot]   Random total accesses: 10
[2025-10-29T21:04:02Z INFO  analyzer::plot]   Maximum CDF difference: 0.7000
[2025-10-29T21:04:02Z INFO  analyzer::memory] Generating CDF plot for instruction 0x13a0 operand 41 (p=0.014893)
[2025-10-29T21:04:02Z INFO  analyzer::plot] CDF plot saved to: owl_cdf_plots/instr_0x13a0_operand_41_p0.014893.png
[2025-10-29T21:04:02Z INFO  analyzer::plot]   Fixed total accesses: 10
[2025-10-29T21:04:02Z INFO  analyzer::plot]   Random total accesses: 10
[2025-10-29T21:04:02Z INFO  analyzer::plot]   Maximum CDF difference: 0.7000
[2025-10-29T21:04:02Z INFO  analyzer::memory] Generating CDF plot for instruction 0x13b0 operand 28 (p=0.014893)
[2025-10-29T21:04:02Z INFO  analyzer::plot] CDF plot saved to: owl_cdf_plots/instr_0x13b0_operand_28_p0.014893.png
[2025-10-29T21:04:02Z INFO  analyzer::plot]   Fixed total accesses: 10
[2025-10-29T21:04:02Z INFO  analyzer::plot]   Random total accesses: 10
[2025-10-29T21:04:02Z INFO  analyzer::plot]   Maximum CDF difference: 0.7000
[2025-10-29T21:04:02Z INFO  analyzer::memory] Generating CDF plot for instruction 0x1480 operand 27 (p=0.003323)
[2025-10-29T21:04:02Z INFO  analyzer::plot] CDF plot saved to: owl_cdf_plots/instr_0x1480_operand_27_p0.003323.png
[2025-10-29T21:04:02Z INFO  analyzer::plot]   Fixed total accesses: 10
[2025-10-29T21:04:02Z INFO  analyzer::plot]   Random total accesses: 10
[2025-10-29T21:04:02Z INFO  analyzer::plot]   Maximum CDF difference: 0.8000
[2025-10-29T21:04:02Z INFO  analyzer::memory] Generating CDF plot for instruction 0x1480 operand 49 (p=0.014893)
[2025-10-29T21:04:02Z INFO  analyzer::plot] CDF plot saved to: owl_cdf_plots/instr_0x1480_operand_49_p0.014893.png
[2025-10-29T21:04:02Z INFO  analyzer::plot]   Fixed total accesses: 10
[2025-10-29T21:04:02Z INFO  analyzer::plot]   Random total accesses: 10
[2025-10-29T21:04:02Z INFO  analyzer::plot]   Maximum CDF difference: 0.7000
[2025-10-29T21:04:02Z INFO  analyzer::memory] Generating CDF plot for instruction 0x14a0 operand 47 (p=0.014893)
[2025-10-29T21:04:02Z INFO  analyzer::plot] CDF plot saved to: owl_cdf_plots/instr_0x14a0_operand_47_p0.014893.png
[2025-10-29T21:04:02Z INFO  analyzer::plot]   Fixed total accesses: 10
[2025-10-29T21:04:02Z INFO  analyzer::plot]   Random total accesses: 10
[2025-10-29T21:04:02Z INFO  analyzer::plot]   Maximum CDF difference: 0.7000
[2025-10-29T21:04:02Z INFO  analyzer::memory] Generating CDF plot for instruction 0x14b0 operand 48 (p=0.003323)
[2025-10-29T21:04:02Z INFO  analyzer::plot] CDF plot saved to: owl_cdf_plots/instr_0x14b0_operand_48_p0.003323.png
[2025-10-29T21:04:02Z INFO  analyzer::plot]   Fixed total accesses: 10
[2025-10-29T21:04:02Z INFO  analyzer::plot]   Random total accesses: 10
[2025-10-29T21:04:02Z INFO  analyzer::plot]   Maximum CDF difference: 0.8000
[2025-10-29T21:04:02Z INFO  analyzer::memory] Generating CDF plot for instruction 0x1570 operand 6 (p=0.014893)
[2025-10-29T21:04:02Z INFO  analyzer::plot] CDF plot saved to: owl_cdf_plots/instr_0x1570_operand_6_p0.014893.png
[2025-10-29T21:04:02Z INFO  analyzer::plot]   Fixed total accesses: 10
[2025-10-29T21:04:02Z INFO  analyzer::plot]   Random total accesses: 10
[2025-10-29T21:04:02Z INFO  analyzer::plot]   Maximum CDF difference: 0.7000
[2025-10-29T21:04:02Z INFO  analyzer::memory] Generating CDF plot for instruction 0x1570 operand 10 (p=0.014893)
[2025-10-29T21:04:02Z INFO  analyzer::plot] CDF plot saved to: owl_cdf_plots/instr_0x1570_operand_10_p0.014893.png
[2025-10-29T21:04:02Z INFO  analyzer::plot]   Fixed total accesses: 10
[2025-10-29T21:04:02Z INFO  analyzer::plot]   Random total accesses: 10
[2025-10-29T21:04:02Z INFO  analyzer::plot]   Maximum CDF difference: 0.7000
[2025-10-29T21:04:02Z INFO  analyzer::memory] Generating CDF plot for instruction 0x1570 operand 35 (p=0.014893)
[2025-10-29T21:04:02Z INFO  analyzer::plot] CDF plot saved to: owl_cdf_plots/instr_0x1570_operand_35_p0.014893.png
[2025-10-29T21:04:02Z INFO  analyzer::plot]   Fixed total accesses: 10
[2025-10-29T21:04:02Z INFO  analyzer::plot]   Random total accesses: 10
[2025-10-29T21:04:02Z INFO  analyzer::plot]   Maximum CDF difference: 0.7000
[2025-10-29T21:04:02Z INFO  analyzer::memory] Generating CDF plot for instruction 0x1570 operand 60 (p=0.014893)
[2025-10-29T21:04:02Z INFO  analyzer::plot] CDF plot saved to: owl_cdf_plots/instr_0x1570_operand_60_p0.014893.png
[2025-10-29T21:04:02Z INFO  analyzer::plot]   Fixed total accesses: 10
[2025-10-29T21:04:02Z INFO  analyzer::plot]   Random total accesses: 10
[2025-10-29T21:04:02Z INFO  analyzer::plot]   Maximum CDF difference: 0.7000
[2025-10-29T21:04:02Z INFO  analyzer::memory] Generating CDF plot for instruction 0x1640 operand 40 (p=0.014893)
[2025-10-29T21:04:02Z INFO  analyzer::plot] CDF plot saved to: owl_cdf_plots/instr_0x1640_operand_40_p0.014893.png
[2025-10-29T21:04:02Z INFO  analyzer::plot]   Fixed total accesses: 10
[2025-10-29T21:04:02Z INFO  analyzer::plot]   Random total accesses: 10
[2025-10-29T21:04:02Z INFO  analyzer::plot]   Maximum CDF difference: 0.7000
[2025-10-29T21:04:02Z INFO  analyzer::memory] Generating CDF plot for instruction 0x1670 operand 2 (p=0.003323)
[2025-10-29T21:04:03Z INFO  analyzer::plot] CDF plot saved to: owl_cdf_plots/instr_0x1670_operand_2_p0.003323.png
[2025-10-29T21:04:03Z INFO  analyzer::plot]   Fixed total accesses: 10
[2025-10-29T21:04:03Z INFO  analyzer::plot]   Random total accesses: 10
[2025-10-29T21:04:03Z INFO  analyzer::plot]   Maximum CDF difference: 0.8000
[2025-10-29T21:04:03Z INFO  analyzer::memory] Generating CDF plot for instruction 0x16a0 operand 10 (p=0.014893)
[2025-10-29T21:04:03Z INFO  analyzer::plot] CDF plot saved to: owl_cdf_plots/instr_0x16a0_operand_10_p0.014893.png
[2025-10-29T21:04:03Z INFO  analyzer::plot]   Fixed total accesses: 10
[2025-10-29T21:04:03Z INFO  analyzer::plot]   Random total accesses: 10
[2025-10-29T21:04:03Z INFO  analyzer::plot]   Maximum CDF difference: 0.7000
[2025-10-29T21:04:03Z INFO  analyzer::memory] Generating CDF plot for instruction 0x16a0 operand 45 (p=0.014893)
[2025-10-29T21:04:03Z INFO  analyzer::plot] CDF plot saved to: owl_cdf_plots/instr_0x16a0_operand_45_p0.014893.png
[2025-10-29T21:04:03Z INFO  analyzer::plot]   Fixed total accesses: 10
[2025-10-29T21:04:03Z INFO  analyzer::plot]   Random total accesses: 10
[2025-10-29T21:04:03Z INFO  analyzer::plot]   Maximum CDF difference: 0.7000
[2025-10-29T21:04:03Z INFO  analyzer::memory] Generating CDF plot for instruction 0x16a0 operand 55 (p=0.014893)
[2025-10-29T21:04:03Z INFO  analyzer::plot] CDF plot saved to: owl_cdf_plots/instr_0x16a0_operand_55_p0.014893.png
[2025-10-29T21:04:03Z INFO  analyzer::plot]   Fixed total accesses: 10
[2025-10-29T21:04:03Z INFO  analyzer::plot]   Random total accesses: 10
[2025-10-29T21:04:03Z INFO  analyzer::plot]   Maximum CDF difference: 0.7000
[2025-10-29T21:04:03Z INFO  analyzer::memory] Generating CDF plot for instruction 0x16b0 operand 5 (p=0.014893)
[2025-10-29T21:04:03Z INFO  analyzer::plot] CDF plot saved to: owl_cdf_plots/instr_0x16b0_operand_5_p0.014893.png
[2025-10-29T21:04:03Z INFO  analyzer::plot]   Fixed total accesses: 10
[2025-10-29T21:04:03Z INFO  analyzer::plot]   Random total accesses: 10
[2025-10-29T21:04:03Z INFO  analyzer::plot]   Maximum CDF difference: 0.7000
[2025-10-29T21:04:03Z INFO  analyzer::memory] Generating CDF plot for instruction 0x16b0 operand 62 (p=0.014893)
[2025-10-29T21:04:03Z INFO  analyzer::plot] CDF plot saved to: owl_cdf_plots/instr_0x16b0_operand_62_p0.014893.png
[2025-10-29T21:04:03Z INFO  analyzer::plot]   Fixed total accesses: 10
[2025-10-29T21:04:03Z INFO  analyzer::plot]   Random total accesses: 10
[2025-10-29T21:04:03Z INFO  analyzer::plot]   Maximum CDF difference: 0.7000
[2025-10-29T21:04:03Z INFO  analyzer::memory] Generating CDF plot for instruction 0x1770 operand 0 (p=0.000091)
[2025-10-29T21:04:03Z INFO  analyzer::plot] CDF plot saved to: owl_cdf_plots/instr_0x1770_operand_0_p0.000091.png
[2025-10-29T21:04:03Z INFO  analyzer::plot]   Fixed total accesses: 10
[2025-10-29T21:04:03Z INFO  analyzer::plot]   Random total accesses: 10
[2025-10-29T21:04:03Z INFO  analyzer::plot]   Maximum CDF difference: 1.0000
[2025-10-29T21:04:03Z INFO  analyzer::memory] Generating CDF plot for instruction 0x1770 operand 1 (p=0.000091)
[2025-10-29T21:04:03Z INFO  analyzer::plot] CDF plot saved to: owl_cdf_plots/instr_0x1770_operand_1_p0.000091.png
[2025-10-29T21:04:03Z INFO  analyzer::plot]   Fixed total accesses: 10
[2025-10-29T21:04:03Z INFO  analyzer::plot]   Random total accesses: 10
[2025-10-29T21:04:03Z INFO  analyzer::plot]   Maximum CDF difference: 1.0000
[2025-10-29T21:04:03Z INFO  analyzer::memory] Generating CDF plot for instruction 0x1770 operand 2 (p=0.000091)
[2025-10-29T21:04:03Z INFO  analyzer::plot] CDF plot saved to: owl_cdf_plots/instr_0x1770_operand_2_p0.000091.png
[2025-10-29T21:04:03Z INFO  analyzer::plot]   Fixed total accesses: 10
[2025-10-29T21:04:03Z INFO  analyzer::plot]   Random total accesses: 10
[2025-10-29T21:04:03Z INFO  analyzer::plot]   Maximum CDF difference: 1.0000
[2025-10-29T21:04:03Z INFO  analyzer::memory] Generating CDF plot for instruction 0x1770 operand 3 (p=0.000091)
[2025-10-29T21:04:03Z INFO  analyzer::plot] CDF plot saved to: owl_cdf_plots/instr_0x1770_operand_3_p0.000091.png
[2025-10-29T21:04:03Z INFO  analyzer::plot]   Fixed total accesses: 10
[2025-10-29T21:04:03Z INFO  analyzer::plot]   Random total accesses: 10
[2025-10-29T21:04:03Z INFO  analyzer::plot]   Maximum CDF difference: 1.0000
[2025-10-29T21:04:03Z INFO  analyzer::memory] Generating CDF plot for instruction 0x1770 operand 4 (p=0.000091)
[2025-10-29T21:04:03Z INFO  analyzer::plot] CDF plot saved to: owl_cdf_plots/instr_0x1770_operand_4_p0.000091.png
[2025-10-29T21:04:03Z INFO  analyzer::plot]   Fixed total accesses: 10
[2025-10-29T21:04:03Z INFO  analyzer::plot]   Random total accesses: 10
[2025-10-29T21:04:03Z INFO  analyzer::plot]   Maximum CDF difference: 1.0000
[2025-10-29T21:04:03Z INFO  analyzer::memory] Generating CDF plot for instruction 0x1790 operand 0 (p=0.014893)
[2025-10-29T21:04:03Z INFO  analyzer::plot] CDF plot saved to: owl_cdf_plots/instr_0x1790_operand_0_p0.014893.png
[2025-10-29T21:04:03Z INFO  analyzer::plot]   Fixed total accesses: 10
[2025-10-29T21:04:03Z INFO  analyzer::plot]   Random total accesses: 10
[2025-10-29T21:04:03Z INFO  analyzer::plot]   Maximum CDF difference: 0.7000
[2025-10-29T21:04:03Z INFO  analyzer::memory] Generating CDF plot for instruction 0x1790 operand 1 (p=0.014893)
[2025-10-29T21:04:03Z INFO  analyzer::plot] CDF plot saved to: owl_cdf_plots/instr_0x1790_operand_1_p0.014893.png
[2025-10-29T21:04:03Z INFO  analyzer::plot]   Fixed total accesses: 10
[2025-10-29T21:04:03Z INFO  analyzer::plot]   Random total accesses: 10
[2025-10-29T21:04:03Z INFO  analyzer::plot]   Maximum CDF difference: 0.7000
[2025-10-29T21:04:03Z INFO  analyzer::memory] Generating CDF plot for instruction 0x1790 operand 2 (p=0.014893)
[2025-10-29T21:04:03Z INFO  analyzer::plot] CDF plot saved to: owl_cdf_plots/instr_0x1790_operand_2_p0.014893.png
[2025-10-29T21:04:03Z INFO  analyzer::plot]   Fixed total accesses: 10
[2025-10-29T21:04:03Z INFO  analyzer::plot]   Random total accesses: 10
[2025-10-29T21:04:03Z INFO  analyzer::plot]   Maximum CDF difference: 0.7000
[2025-10-29T21:04:03Z INFO  analyzer::memory] Generating CDF plot for instruction 0x1790 operand 3 (p=0.014893)
[2025-10-29T21:04:03Z INFO  analyzer::plot] CDF plot saved to: owl_cdf_plots/instr_0x1790_operand_3_p0.014893.png
[2025-10-29T21:04:03Z INFO  analyzer::plot]   Fixed total accesses: 10
[2025-10-29T21:04:03Z INFO  analyzer::plot]   Random total accesses: 10
[2025-10-29T21:04:03Z INFO  analyzer::plot]   Maximum CDF difference: 0.7000
[2025-10-29T21:04:03Z INFO  analyzer::memory] Generating CDF plot for instruction 0x1790 operand 4 (p=0.014893)
[2025-10-29T21:04:03Z INFO  analyzer::plot] CDF plot saved to: owl_cdf_plots/instr_0x1790_operand_4_p0.014893.png
[2025-10-29T21:04:03Z INFO  analyzer::plot]   Fixed total accesses: 10
[2025-10-29T21:04:03Z INFO  analyzer::plot]   Random total accesses: 10
[2025-10-29T21:04:03Z INFO  analyzer::plot]   Maximum CDF difference: 0.7000
[2025-10-29T21:04:03Z INFO  analyzer::memory] Generating CDF plot for instruction 0x17a0 operand 27 (p=0.003323)
[2025-10-29T21:04:03Z INFO  analyzer::plot] CDF plot saved to: owl_cdf_plots/instr_0x17a0_operand_27_p0.003323.png
[2025-10-29T21:04:03Z INFO  analyzer::plot]   Fixed total accesses: 10
[2025-10-29T21:04:03Z INFO  analyzer::plot]   Random total accesses: 10
[2025-10-29T21:04:03Z INFO  analyzer::plot]   Maximum CDF difference: 0.8000
[2025-10-29T21:04:03Z INFO  analyzer::memory] Generating CDF plot for instruction 0x1880 operand 0 (p=0.003323)
[2025-10-29T21:04:03Z INFO  analyzer::plot] CDF plot saved to: owl_cdf_plots/instr_0x1880_operand_0_p0.003323.png
[2025-10-29T21:04:03Z INFO  analyzer::plot]   Fixed total accesses: 10
[2025-10-29T21:04:03Z INFO  analyzer::plot]   Random total accesses: 10
[2025-10-29T21:04:03Z INFO  analyzer::plot]   Maximum CDF difference: 0.8000
[2025-10-29T21:04:03Z INFO  analyzer::memory] Generating CDF plot for instruction 0x1880 operand 1 (p=0.003323)
[2025-10-29T21:04:03Z INFO  analyzer::plot] CDF plot saved to: owl_cdf_plots/instr_0x1880_operand_1_p0.003323.png
[2025-10-29T21:04:03Z INFO  analyzer::plot]   Fixed total accesses: 10
[2025-10-29T21:04:03Z INFO  analyzer::plot]   Random total accesses: 10
[2025-10-29T21:04:03Z INFO  analyzer::plot]   Maximum CDF difference: 0.8000
[2025-10-29T21:04:03Z INFO  analyzer::memory] Generating CDF plot for instruction 0x1880 operand 2 (p=0.003323)
[2025-10-29T21:04:03Z INFO  analyzer::plot] CDF plot saved to: owl_cdf_plots/instr_0x1880_operand_2_p0.003323.png
[2025-10-29T21:04:03Z INFO  analyzer::plot]   Fixed total accesses: 10
[2025-10-29T21:04:03Z INFO  analyzer::plot]   Random total accesses: 10
[2025-10-29T21:04:03Z INFO  analyzer::plot]   Maximum CDF difference: 0.8000
[2025-10-29T21:04:03Z INFO  analyzer::memory] Generating CDF plot for instruction 0x1880 operand 3 (p=0.003323)
[2025-10-29T21:04:03Z INFO  analyzer::plot] CDF plot saved to: owl_cdf_plots/instr_0x1880_operand_3_p0.003323.png
[2025-10-29T21:04:03Z INFO  analyzer::plot]   Fixed total accesses: 10
[2025-10-29T21:04:03Z INFO  analyzer::plot]   Random total accesses: 10
[2025-10-29T21:04:03Z INFO  analyzer::plot]   Maximum CDF difference: 0.8000
[2025-10-29T21:04:03Z INFO  analyzer::memory] Generating CDF plot for instruction 0x1880 operand 4 (p=0.003323)
[2025-10-29T21:04:03Z INFO  analyzer::plot] CDF plot saved to: owl_cdf_plots/instr_0x1880_operand_4_p0.003323.png
[2025-10-29T21:04:03Z INFO  analyzer::plot]   Fixed total accesses: 10
[2025-10-29T21:04:03Z INFO  analyzer::plot]   Random total accesses: 10
[2025-10-29T21:04:03Z INFO  analyzer::plot]   Maximum CDF difference: 0.8000
[2025-10-29T21:04:03Z INFO  analyzer::memory] Generating CDF plot for instruction 0x19b0 operand 54 (p=0.014893)
[2025-10-29T21:04:03Z INFO  analyzer::plot] CDF plot saved to: owl_cdf_plots/instr_0x19b0_operand_54_p0.014893.png
[2025-10-29T21:04:03Z INFO  analyzer::plot]   Fixed total accesses: 10
[2025-10-29T21:04:03Z INFO  analyzer::plot]   Random total accesses: 10
[2025-10-29T21:04:03Z INFO  analyzer::plot]   Maximum CDF difference: 0.7000
[2025-10-29T21:04:03Z INFO  analyzer::memory] Generating CDF plot for instruction 0x1a10 operand 14 (p=0.014893)
[2025-10-29T21:04:03Z INFO  analyzer::plot] CDF plot saved to: owl_cdf_plots/instr_0x1a10_operand_14_p0.014893.png
[2025-10-29T21:04:03Z INFO  analyzer::plot]   Fixed total accesses: 10
[2025-10-29T21:04:03Z INFO  analyzer::plot]   Random total accesses: 10
[2025-10-29T21:04:03Z INFO  analyzer::plot]   Maximum CDF difference: 0.7000
[2025-10-29T21:04:03Z INFO  analyzer::memory] Generating CDF plot for instruction 0x1a10 operand 21 (p=0.014893)
[2025-10-29T21:04:03Z INFO  analyzer::plot] CDF plot saved to: owl_cdf_plots/instr_0x1a10_operand_21_p0.014893.png
[2025-10-29T21:04:03Z INFO  analyzer::plot]   Fixed total accesses: 10
[2025-10-29T21:04:03Z INFO  analyzer::plot]   Random total accesses: 10
[2025-10-29T21:04:03Z INFO  analyzer::plot]   Maximum CDF difference: 0.7000
[2025-10-29T21:04:03Z INFO  analyzer::memory] Generating CDF plot for instruction 0x1ad0 operand 62 (p=0.014893)
[2025-10-29T21:04:03Z INFO  analyzer::plot] CDF plot saved to: owl_cdf_plots/instr_0x1ad0_operand_62_p0.014893.png
[2025-10-29T21:04:03Z INFO  analyzer::plot]   Fixed total accesses: 10
[2025-10-29T21:04:03Z INFO  analyzer::plot]   Random total accesses: 10
[2025-10-29T21:04:03Z INFO  analyzer::plot]   Maximum CDF difference: 0.7000
[2025-10-29T21:04:03Z INFO  analyzer::memory] Generating CDF plot for instruction 0x1b50 operand 29 (p=0.014893)
[2025-10-29T21:04:03Z INFO  analyzer::plot] CDF plot saved to: owl_cdf_plots/instr_0x1b50_operand_29_p0.014893.png
[2025-10-29T21:04:03Z INFO  analyzer::plot]   Fixed total accesses: 10
[2025-10-29T21:04:03Z INFO  analyzer::plot]   Random total accesses: 10
[2025-10-29T21:04:03Z INFO  analyzer::plot]   Maximum CDF difference: 0.7000
[2025-10-29T21:04:03Z INFO  analyzer::memory] Generating CDF plot for instruction 0x1c10 operand 0 (p=0.014893)
[2025-10-29T21:04:03Z INFO  analyzer::plot] CDF plot saved to: owl_cdf_plots/instr_0x1c10_operand_0_p0.014893.png
[2025-10-29T21:04:03Z INFO  analyzer::plot]   Fixed total accesses: 10
[2025-10-29T21:04:03Z INFO  analyzer::plot]   Random total accesses: 10
[2025-10-29T21:04:03Z INFO  analyzer::plot]   Maximum CDF difference: 0.7000
[2025-10-29T21:04:03Z INFO  analyzer::memory] Generating CDF plot for instruction 0x1c10 operand 1 (p=0.014893)
[2025-10-29T21:04:03Z INFO  analyzer::plot] CDF plot saved to: owl_cdf_plots/instr_0x1c10_operand_1_p0.014893.png
[2025-10-29T21:04:03Z INFO  analyzer::plot]   Fixed total accesses: 10
[2025-10-29T21:04:03Z INFO  analyzer::plot]   Random total accesses: 10
[2025-10-29T21:04:03Z INFO  analyzer::plot]   Maximum CDF difference: 0.7000
[2025-10-29T21:04:03Z INFO  analyzer::memory] Generating CDF plot for instruction 0x1c10 operand 2 (p=0.014893)
[2025-10-29T21:04:03Z INFO  analyzer::plot] CDF plot saved to: owl_cdf_plots/instr_0x1c10_operand_2_p0.014893.png
[2025-10-29T21:04:03Z INFO  analyzer::plot]   Fixed total accesses: 10
[2025-10-29T21:04:03Z INFO  analyzer::plot]   Random total accesses: 10
[2025-10-29T21:04:03Z INFO  analyzer::plot]   Maximum CDF difference: 0.7000
[2025-10-29T21:04:03Z INFO  analyzer::memory] Generating CDF plot for instruction 0x1c10 operand 3 (p=0.014893)
[2025-10-29T21:04:03Z INFO  analyzer::plot] CDF plot saved to: owl_cdf_plots/instr_0x1c10_operand_3_p0.014893.png
[2025-10-29T21:04:03Z INFO  analyzer::plot]   Fixed total accesses: 10
[2025-10-29T21:04:03Z INFO  analyzer::plot]   Random total accesses: 10
[2025-10-29T21:04:03Z INFO  analyzer::plot]   Maximum CDF difference: 0.7000
[2025-10-29T21:04:03Z INFO  analyzer::memory] Generating CDF plot for instruction 0x1c10 operand 4 (p=0.014893)
[2025-10-29T21:04:03Z INFO  analyzer::plot] CDF plot saved to: owl_cdf_plots/instr_0x1c10_operand_4_p0.014893.png
[2025-10-29T21:04:03Z INFO  analyzer::plot]   Fixed total accesses: 10
[2025-10-29T21:04:03Z INFO  analyzer::plot]   Random total accesses: 10
[2025-10-29T21:04:03Z INFO  analyzer::plot]   Maximum CDF difference: 0.7000
[2025-10-29T21:04:03Z INFO  analyzer::memory] Generating CDF plot for instruction 0x1c40 operand 0 (p=0.003323)
[2025-10-29T21:04:03Z INFO  analyzer::plot] CDF plot saved to: owl_cdf_plots/instr_0x1c40_operand_0_p0.003323.png
[2025-10-29T21:04:03Z INFO  analyzer::plot]   Fixed total accesses: 10
[2025-10-29T21:04:03Z INFO  analyzer::plot]   Random total accesses: 10
[2025-10-29T21:04:03Z INFO  analyzer::plot]   Maximum CDF difference: 0.8000
[2025-10-29T21:04:03Z INFO  analyzer::memory] Generating CDF plot for instruction 0x1c40 operand 1 (p=0.003323)
[2025-10-29T21:04:03Z INFO  analyzer::plot] CDF plot saved to: owl_cdf_plots/instr_0x1c40_operand_1_p0.003323.png
[2025-10-29T21:04:03Z INFO  analyzer::plot]   Fixed total accesses: 10
[2025-10-29T21:04:03Z INFO  analyzer::plot]   Random total accesses: 10
[2025-10-29T21:04:03Z INFO  analyzer::plot]   Maximum CDF difference: 0.8000
[2025-10-29T21:04:03Z INFO  analyzer::memory] Generating CDF plot for instruction 0x1c40 operand 2 (p=0.003323)
[2025-10-29T21:04:03Z INFO  analyzer::plot] CDF plot saved to: owl_cdf_plots/instr_0x1c40_operand_2_p0.003323.png
[2025-10-29T21:04:03Z INFO  analyzer::plot]   Fixed total accesses: 10
[2025-10-29T21:04:03Z INFO  analyzer::plot]   Random total accesses: 10
[2025-10-29T21:04:03Z INFO  analyzer::plot]   Maximum CDF difference: 0.8000
[2025-10-29T21:04:03Z INFO  analyzer::memory] Generating CDF plot for instruction 0x1c40 operand 3 (p=0.003323)
[2025-10-29T21:04:03Z INFO  analyzer::plot] CDF plot saved to: owl_cdf_plots/instr_0x1c40_operand_3_p0.003323.png
[2025-10-29T21:04:03Z INFO  analyzer::plot]   Fixed total accesses: 10
[2025-10-29T21:04:03Z INFO  analyzer::plot]   Random total accesses: 10
[2025-10-29T21:04:03Z INFO  analyzer::plot]   Maximum CDF difference: 0.8000
[2025-10-29T21:04:03Z INFO  analyzer::memory] Generating CDF plot for instruction 0x1c40 operand 4 (p=0.003323)
[2025-10-29T21:04:03Z INFO  analyzer::plot] CDF plot saved to: owl_cdf_plots/instr_0x1c40_operand_4_p0.003323.png
[2025-10-29T21:04:03Z INFO  analyzer::plot]   Fixed total accesses: 10
[2025-10-29T21:04:03Z INFO  analyzer::plot]   Random total accesses: 10
[2025-10-29T21:04:03Z INFO  analyzer::plot]   Maximum CDF difference: 0.8000
[2025-10-29T21:04:03Z INFO  analyzer::memory] Generating CDF plot for instruction 0x1c50 operand 13 (p=0.014893)
[2025-10-29T21:04:03Z INFO  analyzer::plot] CDF plot saved to: owl_cdf_plots/instr_0x1c50_operand_13_p0.014893.png
[2025-10-29T21:04:03Z INFO  analyzer::plot]   Fixed total accesses: 10
[2025-10-29T21:04:03Z INFO  analyzer::plot]   Random total accesses: 10
[2025-10-29T21:04:03Z INFO  analyzer::plot]   Maximum CDF difference: 0.7000
[2025-10-29T21:04:03Z INFO  analyzer::memory] Generating CDF plot for instruction 0x1c50 operand 42 (p=0.014893)
[2025-10-29T21:04:03Z INFO  analyzer::plot] CDF plot saved to: owl_cdf_plots/instr_0x1c50_operand_42_p0.014893.png
[2025-10-29T21:04:03Z INFO  analyzer::plot]   Fixed total accesses: 10
[2025-10-29T21:04:03Z INFO  analyzer::plot]   Random total accesses: 10
[2025-10-29T21:04:03Z INFO  analyzer::plot]   Maximum CDF difference: 0.7000
[2025-10-29T21:04:03Z INFO  analyzer::memory] Generating CDF plot for instruction 0x1c60 operand 0 (p=0.014893)
[2025-10-29T21:04:03Z INFO  analyzer::plot] CDF plot saved to: owl_cdf_plots/instr_0x1c60_operand_0_p0.014893.png
[2025-10-29T21:04:03Z INFO  analyzer::plot]   Fixed total accesses: 10
[2025-10-29T21:04:03Z INFO  analyzer::plot]   Random total accesses: 10
[2025-10-29T21:04:03Z INFO  analyzer::plot]   Maximum CDF difference: 0.7000
[2025-10-29T21:04:03Z INFO  analyzer::memory] Generating CDF plot for instruction 0x1c60 operand 1 (p=0.014893)
[2025-10-29T21:04:03Z INFO  analyzer::plot] CDF plot saved to: owl_cdf_plots/instr_0x1c60_operand_1_p0.014893.png
[2025-10-29T21:04:03Z INFO  analyzer::plot]   Fixed total accesses: 10
[2025-10-29T21:04:03Z INFO  analyzer::plot]   Random total accesses: 10
[2025-10-29T21:04:03Z INFO  analyzer::plot]   Maximum CDF difference: 0.7000
[2025-10-29T21:04:03Z INFO  analyzer::memory] Generating CDF plot for instruction 0x1c60 operand 2 (p=0.014893)
[2025-10-29T21:04:03Z INFO  analyzer::plot] CDF plot saved to: owl_cdf_plots/instr_0x1c60_operand_2_p0.014893.png
[2025-10-29T21:04:03Z INFO  analyzer::plot]   Fixed total accesses: 10
[2025-10-29T21:04:03Z INFO  analyzer::plot]   Random total accesses: 10
[2025-10-29T21:04:03Z INFO  analyzer::plot]   Maximum CDF difference: 0.7000
[2025-10-29T21:04:03Z INFO  analyzer::memory] Generating CDF plot for instruction 0x1c60 operand 3 (p=0.014893)
[2025-10-29T21:04:03Z INFO  analyzer::plot] CDF plot saved to: owl_cdf_plots/instr_0x1c60_operand_3_p0.014893.png
[2025-10-29T21:04:03Z INFO  analyzer::plot]   Fixed total accesses: 10
[2025-10-29T21:04:03Z INFO  analyzer::plot]   Random total accesses: 10
[2025-10-29T21:04:03Z INFO  analyzer::plot]   Maximum CDF difference: 0.7000
[2025-10-29T21:04:03Z INFO  analyzer::memory] Generating CDF plot for instruction 0x1c60 operand 4 (p=0.014893)
[2025-10-29T21:04:03Z INFO  analyzer::plot] CDF plot saved to: owl_cdf_plots/instr_0x1c60_operand_4_p0.014893.png
[2025-10-29T21:04:03Z INFO  analyzer::plot]   Fixed total accesses: 10
[2025-10-29T21:04:03Z INFO  analyzer::plot]   Random total accesses: 10
[2025-10-29T21:04:03Z INFO  analyzer::plot]   Maximum CDF difference: 0.7000
[2025-10-29T21:04:03Z INFO  analyzer::memory] Generating CDF plot for instruction 0x1d20 operand 0 (p=0.000607)
[2025-10-29T21:04:03Z INFO  analyzer::plot] CDF plot saved to: owl_cdf_plots/instr_0x1d20_operand_0_p0.000607.png
[2025-10-29T21:04:03Z INFO  analyzer::plot]   Fixed total accesses: 10
[2025-10-29T21:04:03Z INFO  analyzer::plot]   Random total accesses: 10
[2025-10-29T21:04:03Z INFO  analyzer::plot]   Maximum CDF difference: 0.9000
[2025-10-29T21:04:03Z INFO  analyzer::memory] Generating CDF plot for instruction 0x1d20 operand 1 (p=0.000607)
[2025-10-29T21:04:03Z INFO  analyzer::plot] CDF plot saved to: owl_cdf_plots/instr_0x1d20_operand_1_p0.000607.png
[2025-10-29T21:04:03Z INFO  analyzer::plot]   Fixed total accesses: 10
[2025-10-29T21:04:03Z INFO  analyzer::plot]   Random total accesses: 10
[2025-10-29T21:04:03Z INFO  analyzer::plot]   Maximum CDF difference: 0.9000
[2025-10-29T21:04:03Z INFO  analyzer::memory] Generating CDF plot for instruction 0x1d20 operand 2 (p=0.000607)
[2025-10-29T21:04:03Z INFO  analyzer::plot] CDF plot saved to: owl_cdf_plots/instr_0x1d20_operand_2_p0.000607.png
[2025-10-29T21:04:03Z INFO  analyzer::plot]   Fixed total accesses: 10
[2025-10-29T21:04:03Z INFO  analyzer::plot]   Random total accesses: 10
[2025-10-29T21:04:03Z INFO  analyzer::plot]   Maximum CDF difference: 0.9000
[2025-10-29T21:04:03Z INFO  analyzer::memory] Generating CDF plot for instruction 0x1d20 operand 3 (p=0.000607)
[2025-10-29T21:04:03Z INFO  analyzer::plot] CDF plot saved to: owl_cdf_plots/instr_0x1d20_operand_3_p0.000607.png
[2025-10-29T21:04:03Z INFO  analyzer::plot]   Fixed total accesses: 10
[2025-10-29T21:04:03Z INFO  analyzer::plot]   Random total accesses: 10
[2025-10-29T21:04:03Z INFO  analyzer::plot]   Maximum CDF difference: 0.9000
[2025-10-29T21:04:03Z INFO  analyzer::memory] Generating CDF plot for instruction 0x1d20 operand 4 (p=0.000607)
[2025-10-29T21:04:03Z INFO  analyzer::plot] CDF plot saved to: owl_cdf_plots/instr_0x1d20_operand_4_p0.000607.png
[2025-10-29T21:04:03Z INFO  analyzer::plot]   Fixed total accesses: 10
[2025-10-29T21:04:03Z INFO  analyzer::plot]   Random total accesses: 10
[2025-10-29T21:04:03Z INFO  analyzer::plot]   Maximum CDF difference: 0.9000
[2025-10-29T21:04:03Z INFO  analyzer::memory] Generating CDF plot for instruction 0x1d50 operand 6 (p=0.014893)
[2025-10-29T21:04:03Z INFO  analyzer::plot] CDF plot saved to: owl_cdf_plots/instr_0x1d50_operand_6_p0.014893.png
[2025-10-29T21:04:03Z INFO  analyzer::plot]   Fixed total accesses: 10
[2025-10-29T21:04:03Z INFO  analyzer::plot]   Random total accesses: 10
[2025-10-29T21:04:03Z INFO  analyzer::plot]   Maximum CDF difference: 0.7000
[2025-10-29T21:04:03Z INFO  analyzer::memory] Generating CDF plot for instruction 0x1d50 operand 9 (p=0.014893)
[2025-10-29T21:04:03Z INFO  analyzer::plot] CDF plot saved to: owl_cdf_plots/instr_0x1d50_operand_9_p0.014893.png
[2025-10-29T21:04:03Z INFO  analyzer::plot]   Fixed total accesses: 10
[2025-10-29T21:04:03Z INFO  analyzer::plot]   Random total accesses: 10
[2025-10-29T21:04:03Z INFO  analyzer::plot]   Maximum CDF difference: 0.7000
[2025-10-29T21:04:03Z INFO  analyzer::memory] Generating CDF plot for instruction 0x1d50 operand 61 (p=0.014893)
[2025-10-29T21:04:03Z INFO  analyzer::plot] CDF plot saved to: owl_cdf_plots/instr_0x1d50_operand_61_p0.014893.png
[2025-10-29T21:04:03Z INFO  analyzer::plot]   Fixed total accesses: 10
[2025-10-29T21:04:03Z INFO  analyzer::plot]   Random total accesses: 10
[2025-10-29T21:04:03Z INFO  analyzer::plot]   Maximum CDF difference: 0.7000
[2025-10-29T21:04:03Z INFO  analyzer::memory] Generating CDF plot for instruction 0x1d70 operand 31 (p=0.014893)
[2025-10-29T21:04:03Z INFO  analyzer::plot] CDF plot saved to: owl_cdf_plots/instr_0x1d70_operand_31_p0.014893.png
[2025-10-29T21:04:03Z INFO  analyzer::plot]   Fixed total accesses: 10
[2025-10-29T21:04:03Z INFO  analyzer::plot]   Random total accesses: 10
[2025-10-29T21:04:03Z INFO  analyzer::plot]   Maximum CDF difference: 0.7000
[2025-10-29T21:04:03Z INFO  analyzer::memory] Generating CDF plot for instruction 0x1d80 operand 25 (p=0.014893)
[2025-10-29T21:04:03Z INFO  analyzer::plot] CDF plot saved to: owl_cdf_plots/instr_0x1d80_operand_25_p0.014893.png
[2025-10-29T21:04:03Z INFO  analyzer::plot]   Fixed total accesses: 10
[2025-10-29T21:04:03Z INFO  analyzer::plot]   Random total accesses: 10
[2025-10-29T21:04:03Z INFO  analyzer::plot]   Maximum CDF difference: 0.7000
[2025-10-29T21:04:03Z INFO  analyzer::memory] Generating CDF plot for instruction 0x1d90 operand 33 (p=0.014893)
[2025-10-29T21:04:03Z INFO  analyzer::plot] CDF plot saved to: owl_cdf_plots/instr_0x1d90_operand_33_p0.014893.png
[2025-10-29T21:04:03Z INFO  analyzer::plot]   Fixed total accesses: 10
[2025-10-29T21:04:03Z INFO  analyzer::plot]   Random total accesses: 10
[2025-10-29T21:04:03Z INFO  analyzer::plot]   Maximum CDF difference: 0.7000
[2025-10-29T21:04:03Z INFO  analyzer::memory] Generating CDF plot for instruction 0x1d90 operand 49 (p=0.003323)
[2025-10-29T21:04:03Z INFO  analyzer::plot] CDF plot saved to: owl_cdf_plots/instr_0x1d90_operand_49_p0.003323.png
[2025-10-29T21:04:03Z INFO  analyzer::plot]   Fixed total accesses: 10
[2025-10-29T21:04:03Z INFO  analyzer::plot]   Random total accesses: 10
[2025-10-29T21:04:03Z INFO  analyzer::plot]   Maximum CDF difference: 0.8000
[2025-10-29T21:04:03Z INFO  analyzer::memory] Generating CDF plot for instruction 0x1df0 operand 24 (p=0.014893)
[2025-10-29T21:04:03Z INFO  analyzer::plot] CDF plot saved to: owl_cdf_plots/instr_0x1df0_operand_24_p0.014893.png
[2025-10-29T21:04:03Z INFO  analyzer::plot]   Fixed total accesses: 10
[2025-10-29T21:04:03Z INFO  analyzer::plot]   Random total accesses: 10
[2025-10-29T21:04:03Z INFO  analyzer::plot]   Maximum CDF difference: 0.7000
[2025-10-29T21:04:03Z INFO  analyzer::memory] Generating CDF plot for instruction 0x1df0 operand 39 (p=0.014893)
[2025-10-29T21:04:03Z INFO  analyzer::plot] CDF plot saved to: owl_cdf_plots/instr_0x1df0_operand_39_p0.014893.png
[2025-10-29T21:04:03Z INFO  analyzer::plot]   Fixed total accesses: 10
[2025-10-29T21:04:03Z INFO  analyzer::plot]   Random total accesses: 10
[2025-10-29T21:04:03Z INFO  analyzer::plot]   Maximum CDF difference: 0.7000
[2025-10-29T21:04:03Z INFO  analyzer::memory] Generating CDF plot for instruction 0x1e40 operand 10 (p=0.014893)
[2025-10-29T21:04:03Z INFO  analyzer::plot] CDF plot saved to: owl_cdf_plots/instr_0x1e40_operand_10_p0.014893.png
[2025-10-29T21:04:03Z INFO  analyzer::plot]   Fixed total accesses: 10
[2025-10-29T21:04:03Z INFO  analyzer::plot]   Random total accesses: 10
[2025-10-29T21:04:03Z INFO  analyzer::plot]   Maximum CDF difference: 0.7000
[2025-10-29T21:04:03Z INFO  analyzer::memory] Generating CDF plot for instruction 0x1e40 operand 26 (p=0.003323)
[2025-10-29T21:04:03Z INFO  analyzer::plot] CDF plot saved to: owl_cdf_plots/instr_0x1e40_operand_26_p0.003323.png
[2025-10-29T21:04:03Z INFO  analyzer::plot]   Fixed total accesses: 10
[2025-10-29T21:04:03Z INFO  analyzer::plot]   Random total accesses: 10
[2025-10-29T21:04:03Z INFO  analyzer::plot]   Maximum CDF difference: 0.8000
[2025-10-29T21:04:03Z INFO  analyzer::memory] Generating CDF plot for instruction 0x1e40 operand 44 (p=0.014893)
[2025-10-29T21:04:03Z INFO  analyzer::plot] CDF plot saved to: owl_cdf_plots/instr_0x1e40_operand_44_p0.014893.png
[2025-10-29T21:04:03Z INFO  analyzer::plot]   Fixed total accesses: 10
[2025-10-29T21:04:03Z INFO  analyzer::plot]   Random total accesses: 10
[2025-10-29T21:04:03Z INFO  analyzer::plot]   Maximum CDF difference: 0.7000
[2025-10-29T21:04:03Z INFO  analyzer::memory] Generating CDF plot for instruction 0x1f00 operand 25 (p=0.014893)
[2025-10-29T21:04:03Z INFO  analyzer::plot] CDF plot saved to: owl_cdf_plots/instr_0x1f00_operand_25_p0.014893.png
[2025-10-29T21:04:03Z INFO  analyzer::plot]   Fixed total accesses: 10
[2025-10-29T21:04:03Z INFO  analyzer::plot]   Random total accesses: 10
[2025-10-29T21:04:03Z INFO  analyzer::plot]   Maximum CDF difference: 0.7000
[2025-10-29T21:04:03Z INFO  analyzer::memory] Generating CDF plot for instruction 0x1f00 operand 29 (p=0.014893)
[2025-10-29T21:04:03Z INFO  analyzer::plot] CDF plot saved to: owl_cdf_plots/instr_0x1f00_operand_29_p0.014893.png
[2025-10-29T21:04:03Z INFO  analyzer::plot]   Fixed total accesses: 10
[2025-10-29T21:04:03Z INFO  analyzer::plot]   Random total accesses: 10
[2025-10-29T21:04:03Z INFO  analyzer::plot]   Maximum CDF difference: 0.7000
[2025-10-29T21:04:03Z INFO  analyzer::memory] Generating CDF plot for instruction 0x1f10 operand 7 (p=0.014893)
[2025-10-29T21:04:03Z INFO  analyzer::plot] CDF plot saved to: owl_cdf_plots/instr_0x1f10_operand_7_p0.014893.png
[2025-10-29T21:04:03Z INFO  analyzer::plot]   Fixed total accesses: 10
[2025-10-29T21:04:03Z INFO  analyzer::plot]   Random total accesses: 10
[2025-10-29T21:04:03Z INFO  analyzer::plot]   Maximum CDF difference: 0.7000
[2025-10-29T21:04:03Z INFO  analyzer::memory] Generating CDF plot for instruction 0x1f80 operand 36 (p=0.014893)
[2025-10-29T21:04:03Z INFO  analyzer::plot] CDF plot saved to: owl_cdf_plots/instr_0x1f80_operand_36_p0.014893.png
[2025-10-29T21:04:03Z INFO  analyzer::plot]   Fixed total accesses: 10
[2025-10-29T21:04:03Z INFO  analyzer::plot]   Random total accesses: 10
[2025-10-29T21:04:03Z INFO  analyzer::plot]   Maximum CDF difference: 0.7000
[2025-10-29T21:04:03Z INFO  analyzer::memory] Generating CDF plot for instruction 0x1f80 operand 56 (p=0.014893)
[2025-10-29T21:04:03Z INFO  analyzer::plot] CDF plot saved to: owl_cdf_plots/instr_0x1f80_operand_56_p0.014893.png
[2025-10-29T21:04:03Z INFO  analyzer::plot]   Fixed total accesses: 10
[2025-10-29T21:04:03Z INFO  analyzer::plot]   Random total accesses: 10
[2025-10-29T21:04:03Z INFO  analyzer::plot]   Maximum CDF difference: 0.7000
[2025-10-29T21:04:03Z INFO  analyzer::memory] Generating CDF plot for instruction 0x1f90 operand 13 (p=0.014893)
[2025-10-29T21:04:03Z INFO  analyzer::plot] CDF plot saved to: owl_cdf_plots/instr_0x1f90_operand_13_p0.014893.png
[2025-10-29T21:04:03Z INFO  analyzer::plot]   Fixed total accesses: 10
[2025-10-29T21:04:03Z INFO  analyzer::plot]   Random total accesses: 10
[2025-10-29T21:04:03Z INFO  analyzer::plot]   Maximum CDF difference: 0.7000
[2025-10-29T21:04:03Z INFO  analyzer::memory] Generating CDF plot for instruction 0x1f90 operand 53 (p=0.003323)
[2025-10-29T21:04:03Z INFO  analyzer::plot] CDF plot saved to: owl_cdf_plots/instr_0x1f90_operand_53_p0.003323.png
[2025-10-29T21:04:03Z INFO  analyzer::plot]   Fixed total accesses: 10
[2025-10-29T21:04:03Z INFO  analyzer::plot]   Random total accesses: 10
[2025-10-29T21:04:03Z INFO  analyzer::plot]   Maximum CDF difference: 0.8000
[2025-10-29T21:04:03Z INFO  analyzer::memory] Generating CDF plot for instruction 0x1ff0 operand 52 (p=0.014893)
[2025-10-29T21:04:03Z INFO  analyzer::plot] CDF plot saved to: owl_cdf_plots/instr_0x1ff0_operand_52_p0.014893.png
[2025-10-29T21:04:03Z INFO  analyzer::plot]   Fixed total accesses: 10
[2025-10-29T21:04:03Z INFO  analyzer::plot]   Random total accesses: 10
[2025-10-29T21:04:03Z INFO  analyzer::plot]   Maximum CDF difference: 0.7000
[2025-10-29T21:04:03Z INFO  analyzer::memory] Generating CDF plot for instruction 0x2010 operand 38 (p=0.014893)
[2025-10-29T21:04:03Z INFO  analyzer::plot] CDF plot saved to: owl_cdf_plots/instr_0x2010_operand_38_p0.014893.png
[2025-10-29T21:04:03Z INFO  analyzer::plot]   Fixed total accesses: 10
[2025-10-29T21:04:03Z INFO  analyzer::plot]   Random total accesses: 10
[2025-10-29T21:04:03Z INFO  analyzer::plot]   Maximum CDF difference: 0.7000
[2025-10-29T21:04:03Z INFO  analyzer::memory] Generating CDF plot for instruction 0x2080 operand 0 (p=0.000607)
[2025-10-29T21:04:03Z INFO  analyzer::plot] CDF plot saved to: owl_cdf_plots/instr_0x2080_operand_0_p0.000607.png
[2025-10-29T21:04:03Z INFO  analyzer::plot]   Fixed total accesses: 10
[2025-10-29T21:04:03Z INFO  analyzer::plot]   Random total accesses: 10
[2025-10-29T21:04:03Z INFO  analyzer::plot]   Maximum CDF difference: 0.9000
[2025-10-29T21:04:03Z INFO  analyzer::memory] Generating CDF plot for instruction 0x2080 operand 1 (p=0.000607)
[2025-10-29T21:04:03Z INFO  analyzer::plot] CDF plot saved to: owl_cdf_plots/instr_0x2080_operand_1_p0.000607.png
[2025-10-29T21:04:03Z INFO  analyzer::plot]   Fixed total accesses: 10
[2025-10-29T21:04:03Z INFO  analyzer::plot]   Random total accesses: 10
[2025-10-29T21:04:03Z INFO  analyzer::plot]   Maximum CDF difference: 0.9000
[2025-10-29T21:04:03Z INFO  analyzer::memory] Generating CDF plot for instruction 0x2080 operand 2 (p=0.000607)
[2025-10-29T21:04:03Z INFO  analyzer::plot] CDF plot saved to: owl_cdf_plots/instr_0x2080_operand_2_p0.000607.png
[2025-10-29T21:04:03Z INFO  analyzer::plot]   Fixed total accesses: 10
[2025-10-29T21:04:03Z INFO  analyzer::plot]   Random total accesses: 10
[2025-10-29T21:04:03Z INFO  analyzer::plot]   Maximum CDF difference: 0.9000
[2025-10-29T21:04:03Z INFO  analyzer::memory] Generating CDF plot for instruction 0x2080 operand 3 (p=0.000607)
[2025-10-29T21:04:03Z INFO  analyzer::plot] CDF plot saved to: owl_cdf_plots/instr_0x2080_operand_3_p0.000607.png
[2025-10-29T21:04:03Z INFO  analyzer::plot]   Fixed total accesses: 10
[2025-10-29T21:04:03Z INFO  analyzer::plot]   Random total accesses: 10
[2025-10-29T21:04:03Z INFO  analyzer::plot]   Maximum CDF difference: 0.9000
[2025-10-29T21:04:03Z INFO  analyzer::memory] Generating CDF plot for instruction 0x2080 operand 4 (p=0.000607)
[2025-10-29T21:04:03Z INFO  analyzer::plot] CDF plot saved to: owl_cdf_plots/instr_0x2080_operand_4_p0.000607.png
[2025-10-29T21:04:03Z INFO  analyzer::plot]   Fixed total accesses: 10
[2025-10-29T21:04:03Z INFO  analyzer::plot]   Random total accesses: 10
[2025-10-29T21:04:03Z INFO  analyzer::plot]   Maximum CDF difference: 0.9000
[2025-10-29T21:04:03Z INFO  analyzer::memory] Generating CDF plot for instruction 0x20f0 operand 0 (p=0.000607)
[2025-10-29T21:04:03Z INFO  analyzer::plot] CDF plot saved to: owl_cdf_plots/instr_0x20f0_operand_0_p0.000607.png
[2025-10-29T21:04:03Z INFO  analyzer::plot]   Fixed total accesses: 10
[2025-10-29T21:04:03Z INFO  analyzer::plot]   Random total accesses: 10
[2025-10-29T21:04:03Z INFO  analyzer::plot]   Maximum CDF difference: 0.9000
[2025-10-29T21:04:03Z INFO  analyzer::memory] Generating CDF plot for instruction 0x20f0 operand 1 (p=0.000607)
[2025-10-29T21:04:03Z INFO  analyzer::plot] CDF plot saved to: owl_cdf_plots/instr_0x20f0_operand_1_p0.000607.png
[2025-10-29T21:04:03Z INFO  analyzer::plot]   Fixed total accesses: 10
[2025-10-29T21:04:03Z INFO  analyzer::plot]   Random total accesses: 10
[2025-10-29T21:04:03Z INFO  analyzer::plot]   Maximum CDF difference: 0.9000
[2025-10-29T21:04:03Z INFO  analyzer::memory] Generating CDF plot for instruction 0x20f0 operand 2 (p=0.000607)
[2025-10-29T21:04:03Z INFO  analyzer::plot] CDF plot saved to: owl_cdf_plots/instr_0x20f0_operand_2_p0.000607.png
[2025-10-29T21:04:03Z INFO  analyzer::plot]   Fixed total accesses: 10
[2025-10-29T21:04:03Z INFO  analyzer::plot]   Random total accesses: 10
[2025-10-29T21:04:03Z INFO  analyzer::plot]   Maximum CDF difference: 0.9000
[2025-10-29T21:04:03Z INFO  analyzer::memory] Generating CDF plot for instruction 0x20f0 operand 3 (p=0.000607)
[2025-10-29T21:04:03Z INFO  analyzer::plot] CDF plot saved to: owl_cdf_plots/instr_0x20f0_operand_3_p0.000607.png
[2025-10-29T21:04:03Z INFO  analyzer::plot]   Fixed total accesses: 10
[2025-10-29T21:04:03Z INFO  analyzer::plot]   Random total accesses: 10
[2025-10-29T21:04:03Z INFO  analyzer::plot]   Maximum CDF difference: 0.9000
[2025-10-29T21:04:03Z INFO  analyzer::memory] Generating CDF plot for instruction 0x20f0 operand 4 (p=0.000607)
[2025-10-29T21:04:03Z INFO  analyzer::plot] CDF plot saved to: owl_cdf_plots/instr_0x20f0_operand_4_p0.000607.png
[2025-10-29T21:04:03Z INFO  analyzer::plot]   Fixed total accesses: 10
[2025-10-29T21:04:03Z INFO  analyzer::plot]   Random total accesses: 10
[2025-10-29T21:04:03Z INFO  analyzer::plot]   Maximum CDF difference: 0.9000
[2025-10-29T21:04:03Z INFO  analyzer::memory] Generating CDF plot for instruction 0x2150 operand 29 (p=0.003323)
[2025-10-29T21:04:03Z INFO  analyzer::plot] CDF plot saved to: owl_cdf_plots/instr_0x2150_operand_29_p0.003323.png
[2025-10-29T21:04:03Z INFO  analyzer::plot]   Fixed total accesses: 10
[2025-10-29T21:04:03Z INFO  analyzer::plot]   Random total accesses: 10
[2025-10-29T21:04:03Z INFO  analyzer::plot]   Maximum CDF difference: 0.8000
[2025-10-29T21:04:03Z INFO  analyzer::memory] Generating CDF plot for instruction 0x2150 operand 47 (p=0.014893)
[2025-10-29T21:04:03Z INFO  analyzer::plot] CDF plot saved to: owl_cdf_plots/instr_0x2150_operand_47_p0.014893.png
[2025-10-29T21:04:03Z INFO  analyzer::plot]   Fixed total accesses: 10
[2025-10-29T21:04:03Z INFO  analyzer::plot]   Random total accesses: 10
[2025-10-29T21:04:03Z INFO  analyzer::plot]   Maximum CDF difference: 0.7000
[2025-10-29T21:04:03Z INFO  analyzer::memory] Generating CDF plot for instruction 0x2180 operand 0 (p=0.000091)
[2025-10-29T21:04:03Z INFO  analyzer::plot] CDF plot saved to: owl_cdf_plots/instr_0x2180_operand_0_p0.000091.png
[2025-10-29T21:04:03Z INFO  analyzer::plot]   Fixed total accesses: 10
[2025-10-29T21:04:03Z INFO  analyzer::plot]   Random total accesses: 10
[2025-10-29T21:04:03Z INFO  analyzer::plot]   Maximum CDF difference: 1.0000
[2025-10-29T21:04:03Z INFO  analyzer::memory] Generating CDF plot for instruction 0x2180 operand 1 (p=0.000091)
[2025-10-29T21:04:03Z INFO  analyzer::plot] CDF plot saved to: owl_cdf_plots/instr_0x2180_operand_1_p0.000091.png
[2025-10-29T21:04:03Z INFO  analyzer::plot]   Fixed total accesses: 10
[2025-10-29T21:04:03Z INFO  analyzer::plot]   Random total accesses: 10
[2025-10-29T21:04:03Z INFO  analyzer::plot]   Maximum CDF difference: 1.0000
[2025-10-29T21:04:03Z INFO  analyzer::memory] Generating CDF plot for instruction 0x2180 operand 2 (p=0.000091)
[2025-10-29T21:04:03Z INFO  analyzer::plot] CDF plot saved to: owl_cdf_plots/instr_0x2180_operand_2_p0.000091.png
[2025-10-29T21:04:03Z INFO  analyzer::plot]   Fixed total accesses: 10
[2025-10-29T21:04:03Z INFO  analyzer::plot]   Random total accesses: 10
[2025-10-29T21:04:03Z INFO  analyzer::plot]   Maximum CDF difference: 1.0000
[2025-10-29T21:04:03Z INFO  analyzer::memory] Generating CDF plot for instruction 0x2180 operand 3 (p=0.000091)
[2025-10-29T21:04:03Z INFO  analyzer::plot] CDF plot saved to: owl_cdf_plots/instr_0x2180_operand_3_p0.000091.png
[2025-10-29T21:04:03Z INFO  analyzer::plot]   Fixed total accesses: 10
[2025-10-29T21:04:03Z INFO  analyzer::plot]   Random total accesses: 10
[2025-10-29T21:04:03Z INFO  analyzer::plot]   Maximum CDF difference: 1.0000
[2025-10-29T21:04:03Z INFO  analyzer::memory] Generating CDF plot for instruction 0x2180 operand 4 (p=0.000091)
[2025-10-29T21:04:03Z INFO  analyzer::plot] CDF plot saved to: owl_cdf_plots/instr_0x2180_operand_4_p0.000091.png
[2025-10-29T21:04:03Z INFO  analyzer::plot]   Fixed total accesses: 10
[2025-10-29T21:04:03Z INFO  analyzer::plot]   Random total accesses: 10
[2025-10-29T21:04:03Z INFO  analyzer::plot]   Maximum CDF difference: 1.0000
[2025-10-29T21:04:03Z INFO  analyzer::memory] Generating CDF plot for instruction 0x2270 operand 14 (p=0.014893)
[2025-10-29T21:04:03Z INFO  analyzer::plot] CDF plot saved to: owl_cdf_plots/instr_0x2270_operand_14_p0.014893.png
[2025-10-29T21:04:03Z INFO  analyzer::plot]   Fixed total accesses: 10
[2025-10-29T21:04:03Z INFO  analyzer::plot]   Random total accesses: 10
[2025-10-29T21:04:03Z INFO  analyzer::plot]   Maximum CDF difference: 0.7000
[2025-10-29T21:04:03Z INFO  analyzer::memory] Generating CDF plot for instruction 0x2270 operand 32 (p=0.014893)
[2025-10-29T21:04:03Z INFO  analyzer::plot] CDF plot saved to: owl_cdf_plots/instr_0x2270_operand_32_p0.014893.png
[2025-10-29T21:04:03Z INFO  analyzer::plot]   Fixed total accesses: 10
[2025-10-29T21:04:03Z INFO  analyzer::plot]   Random total accesses: 10
[2025-10-29T21:04:03Z INFO  analyzer::plot]   Maximum CDF difference: 0.7000
[2025-10-29T21:04:03Z INFO  analyzer::memory] Generating CDF plot for instruction 0x22e0 operand 17 (p=0.014893)
[2025-10-29T21:04:03Z INFO  analyzer::plot] CDF plot saved to: owl_cdf_plots/instr_0x22e0_operand_17_p0.014893.png
[2025-10-29T21:04:03Z INFO  analyzer::plot]   Fixed total accesses: 10
[2025-10-29T21:04:03Z INFO  analyzer::plot]   Random total accesses: 10
[2025-10-29T21:04:03Z INFO  analyzer::plot]   Maximum CDF difference: 0.7000
[2025-10-29T21:04:03Z INFO  analyzer::memory] Generating CDF plot for instruction 0x2320 operand 21 (p=0.014893)
[2025-10-29T21:04:03Z INFO  analyzer::plot] CDF plot saved to: owl_cdf_plots/instr_0x2320_operand_21_p0.014893.png
[2025-10-29T21:04:03Z INFO  analyzer::plot]   Fixed total accesses: 10
[2025-10-29T21:04:03Z INFO  analyzer::plot]   Random total accesses: 10
[2025-10-29T21:04:03Z INFO  analyzer::plot]   Maximum CDF difference: 0.7000
[2025-10-29T21:04:03Z INFO  analyzer::memory] Generating CDF plot for instruction 0x2320 operand 25 (p=0.014893)
[2025-10-29T21:04:03Z INFO  analyzer::plot] CDF plot saved to: owl_cdf_plots/instr_0x2320_operand_25_p0.014893.png
[2025-10-29T21:04:03Z INFO  analyzer::plot]   Fixed total accesses: 10
[2025-10-29T21:04:03Z INFO  analyzer::plot]   Random total accesses: 10
[2025-10-29T21:04:03Z INFO  analyzer::plot]   Maximum CDF difference: 0.7000
[2025-10-29T21:04:03Z INFO  analyzer::memory] Generating CDF plot for instruction 0x2320 operand 44 (p=0.014893)
[2025-10-29T21:04:03Z INFO  analyzer::plot] CDF plot saved to: owl_cdf_plots/instr_0x2320_operand_44_p0.014893.png
[2025-10-29T21:04:03Z INFO  analyzer::plot]   Fixed total accesses: 10
[2025-10-29T21:04:03Z INFO  analyzer::plot]   Random total accesses: 10
[2025-10-29T21:04:03Z INFO  analyzer::plot]   Maximum CDF difference: 0.7000
[2025-10-29T21:04:03Z INFO  analyzer::memory] Generating CDF plot for instruction 0x23c0 operand 33 (p=0.014893)
[2025-10-29T21:04:03Z INFO  analyzer::plot] CDF plot saved to: owl_cdf_plots/instr_0x23c0_operand_33_p0.014893.png
[2025-10-29T21:04:03Z INFO  analyzer::plot]   Fixed total accesses: 10
[2025-10-29T21:04:03Z INFO  analyzer::plot]   Random total accesses: 10
[2025-10-29T21:04:03Z INFO  analyzer::plot]   Maximum CDF difference: 0.7000
[2025-10-29T21:04:03Z INFO  analyzer::memory] Generating CDF plot for instruction 0x23e0 operand 4 (p=0.014893)
[2025-10-29T21:04:03Z INFO  analyzer::plot] CDF plot saved to: owl_cdf_plots/instr_0x23e0_operand_4_p0.014893.png
[2025-10-29T21:04:03Z INFO  analyzer::plot]   Fixed total accesses: 10
[2025-10-29T21:04:03Z INFO  analyzer::plot]   Random total accesses: 10
[2025-10-29T21:04:03Z INFO  analyzer::plot]   Maximum CDF difference: 0.7000
[2025-10-29T21:04:03Z INFO  analyzer::memory] Generating CDF plot for instruction 0x2490 operand 0 (p=0.000091)
[2025-10-29T21:04:03Z INFO  analyzer::plot] CDF plot saved to: owl_cdf_plots/instr_0x2490_operand_0_p0.000091.png
[2025-10-29T21:04:03Z INFO  analyzer::plot]   Fixed total accesses: 10
[2025-10-29T21:04:03Z INFO  analyzer::plot]   Random total accesses: 10
[2025-10-29T21:04:03Z INFO  analyzer::plot]   Maximum CDF difference: 1.0000
[2025-10-29T21:04:03Z INFO  analyzer::memory] Generating CDF plot for instruction 0x2490 operand 1 (p=0.000091)
[2025-10-29T21:04:03Z INFO  analyzer::plot] CDF plot saved to: owl_cdf_plots/instr_0x2490_operand_1_p0.000091.png
[2025-10-29T21:04:03Z INFO  analyzer::plot]   Fixed total accesses: 10
[2025-10-29T21:04:03Z INFO  analyzer::plot]   Random total accesses: 10
[2025-10-29T21:04:03Z INFO  analyzer::plot]   Maximum CDF difference: 1.0000
[2025-10-29T21:04:03Z INFO  analyzer::memory] Generating CDF plot for instruction 0x2490 operand 2 (p=0.000091)
[2025-10-29T21:04:03Z INFO  analyzer::plot] CDF plot saved to: owl_cdf_plots/instr_0x2490_operand_2_p0.000091.png
[2025-10-29T21:04:03Z INFO  analyzer::plot]   Fixed total accesses: 10
[2025-10-29T21:04:03Z INFO  analyzer::plot]   Random total accesses: 10
[2025-10-29T21:04:03Z INFO  analyzer::plot]   Maximum CDF difference: 1.0000
[2025-10-29T21:04:03Z INFO  analyzer::memory] Generating CDF plot for instruction 0x2490 operand 3 (p=0.000091)
[2025-10-29T21:04:03Z INFO  analyzer::plot] CDF plot saved to: owl_cdf_plots/instr_0x2490_operand_3_p0.000091.png
[2025-10-29T21:04:03Z INFO  analyzer::plot]   Fixed total accesses: 10
[2025-10-29T21:04:03Z INFO  analyzer::plot]   Random total accesses: 10
[2025-10-29T21:04:03Z INFO  analyzer::plot]   Maximum CDF difference: 1.0000
[2025-10-29T21:04:03Z INFO  analyzer::memory] Generating CDF plot for instruction 0x2490 operand 4 (p=0.000091)
[2025-10-29T21:04:03Z INFO  analyzer::plot] CDF plot saved to: owl_cdf_plots/instr_0x2490_operand_4_p0.000091.png
[2025-10-29T21:04:03Z INFO  analyzer::plot]   Fixed total accesses: 10
[2025-10-29T21:04:03Z INFO  analyzer::plot]   Random total accesses: 10
[2025-10-29T21:04:03Z INFO  analyzer::plot]   Maximum CDF difference: 1.0000
[2025-10-29T21:04:03Z INFO  analyzer::memory] Generating CDF plot for instruction 0x2560 operand 0 (p=0.003323)
[2025-10-29T21:04:03Z INFO  analyzer::plot] CDF plot saved to: owl_cdf_plots/instr_0x2560_operand_0_p0.003323.png
[2025-10-29T21:04:03Z INFO  analyzer::plot]   Fixed total accesses: 10
[2025-10-29T21:04:03Z INFO  analyzer::plot]   Random total accesses: 10
[2025-10-29T21:04:03Z INFO  analyzer::plot]   Maximum CDF difference: 0.8000
[2025-10-29T21:04:03Z INFO  analyzer::memory] Generating CDF plot for instruction 0x2560 operand 1 (p=0.003323)
[2025-10-29T21:04:03Z INFO  analyzer::plot] CDF plot saved to: owl_cdf_plots/instr_0x2560_operand_1_p0.003323.png
[2025-10-29T21:04:03Z INFO  analyzer::plot]   Fixed total accesses: 10
[2025-10-29T21:04:03Z INFO  analyzer::plot]   Random total accesses: 10
[2025-10-29T21:04:03Z INFO  analyzer::plot]   Maximum CDF difference: 0.8000
[2025-10-29T21:04:03Z INFO  analyzer::memory] Generating CDF plot for instruction 0x2560 operand 2 (p=0.003323)
[2025-10-29T21:04:03Z INFO  analyzer::plot] CDF plot saved to: owl_cdf_plots/instr_0x2560_operand_2_p0.003323.png
[2025-10-29T21:04:03Z INFO  analyzer::plot]   Fixed total accesses: 10
[2025-10-29T21:04:03Z INFO  analyzer::plot]   Random total accesses: 10
[2025-10-29T21:04:03Z INFO  analyzer::plot]   Maximum CDF difference: 0.8000
[2025-10-29T21:04:03Z INFO  analyzer::memory] Generating CDF plot for instruction 0x2560 operand 3 (p=0.003323)
[2025-10-29T21:04:03Z INFO  analyzer::plot] CDF plot saved to: owl_cdf_plots/instr_0x2560_operand_3_p0.003323.png
[2025-10-29T21:04:03Z INFO  analyzer::plot]   Fixed total accesses: 10
[2025-10-29T21:04:03Z INFO  analyzer::plot]   Random total accesses: 10
[2025-10-29T21:04:03Z INFO  analyzer::plot]   Maximum CDF difference: 0.8000
[2025-10-29T21:04:03Z INFO  analyzer::memory] Generating CDF plot for instruction 0x2560 operand 4 (p=0.003323)
[2025-10-29T21:04:03Z INFO  analyzer::plot] CDF plot saved to: owl_cdf_plots/instr_0x2560_operand_4_p0.003323.png
[2025-10-29T21:04:03Z INFO  analyzer::plot]   Fixed total accesses: 10
[2025-10-29T21:04:03Z INFO  analyzer::plot]   Random total accesses: 10
[2025-10-29T21:04:03Z INFO  analyzer::plot]   Maximum CDF difference: 0.8000
[2025-10-29T21:04:03Z INFO  analyzer::memory] Generating CDF plot for instruction 0x2660 operand 0 (p=0.000607)
[2025-10-29T21:04:03Z INFO  analyzer::plot] CDF plot saved to: owl_cdf_plots/instr_0x2660_operand_0_p0.000607.png
[2025-10-29T21:04:03Z INFO  analyzer::plot]   Fixed total accesses: 10
[2025-10-29T21:04:03Z INFO  analyzer::plot]   Random total accesses: 10
[2025-10-29T21:04:03Z INFO  analyzer::plot]   Maximum CDF difference: 0.9000
[2025-10-29T21:04:03Z INFO  analyzer::memory] Generating CDF plot for instruction 0x2660 operand 1 (p=0.000607)
[2025-10-29T21:04:03Z INFO  analyzer::plot] CDF plot saved to: owl_cdf_plots/instr_0x2660_operand_1_p0.000607.png
[2025-10-29T21:04:03Z INFO  analyzer::plot]   Fixed total accesses: 10
[2025-10-29T21:04:03Z INFO  analyzer::plot]   Random total accesses: 10
[2025-10-29T21:04:03Z INFO  analyzer::plot]   Maximum CDF difference: 0.9000
[2025-10-29T21:04:03Z INFO  analyzer::memory] Generating CDF plot for instruction 0x2660 operand 2 (p=0.000607)
[2025-10-29T21:04:03Z INFO  analyzer::plot] CDF plot saved to: owl_cdf_plots/instr_0x2660_operand_2_p0.000607.png
[2025-10-29T21:04:03Z INFO  analyzer::plot]   Fixed total accesses: 10
[2025-10-29T21:04:03Z INFO  analyzer::plot]   Random total accesses: 10
[2025-10-29T21:04:03Z INFO  analyzer::plot]   Maximum CDF difference: 0.9000
[2025-10-29T21:04:03Z INFO  analyzer::memory] Generating CDF plot for instruction 0x2660 operand 3 (p=0.000607)
[2025-10-29T21:04:03Z INFO  analyzer::plot] CDF plot saved to: owl_cdf_plots/instr_0x2660_operand_3_p0.000607.png
[2025-10-29T21:04:03Z INFO  analyzer::plot]   Fixed total accesses: 10
[2025-10-29T21:04:03Z INFO  analyzer::plot]   Random total accesses: 10
[2025-10-29T21:04:03Z INFO  analyzer::plot]   Maximum CDF difference: 0.9000
[2025-10-29T21:04:03Z INFO  analyzer::memory] Generating CDF plot for instruction 0x2660 operand 4 (p=0.000607)
[2025-10-29T21:04:03Z INFO  analyzer::plot] CDF plot saved to: owl_cdf_plots/instr_0x2660_operand_4_p0.000607.png
[2025-10-29T21:04:03Z INFO  analyzer::plot]   Fixed total accesses: 10
[2025-10-29T21:04:03Z INFO  analyzer::plot]   Random total accesses: 10
[2025-10-29T21:04:03Z INFO  analyzer::plot]   Maximum CDF difference: 0.9000
[2025-10-29T21:04:03Z INFO  analyzer::memory] Generating CDF plot for instruction 0x2680 operand 62 (p=0.014893)
[2025-10-29T21:04:03Z INFO  analyzer::plot] CDF plot saved to: owl_cdf_plots/instr_0x2680_operand_62_p0.014893.png
[2025-10-29T21:04:03Z INFO  analyzer::plot]   Fixed total accesses: 10
[2025-10-29T21:04:03Z INFO  analyzer::plot]   Random total accesses: 10
[2025-10-29T21:04:03Z INFO  analyzer::plot]   Maximum CDF difference: 0.7000
[2025-10-29T21:04:03Z INFO  analyzer::memory] Generating CDF plot for instruction 0x2730 operand 31 (p=0.014893)
[2025-10-29T21:04:03Z INFO  analyzer::plot] CDF plot saved to: owl_cdf_plots/instr_0x2730_operand_31_p0.014893.png
[2025-10-29T21:04:03Z INFO  analyzer::plot]   Fixed total accesses: 10
[2025-10-29T21:04:03Z INFO  analyzer::plot]   Random total accesses: 10
[2025-10-29T21:04:03Z INFO  analyzer::plot]   Maximum CDF difference: 0.7000
[2025-10-29T21:04:03Z INFO  analyzer::memory] Generating CDF plot for instruction 0x2730 operand 45 (p=0.014893)
[2025-10-29T21:04:03Z INFO  analyzer::plot] CDF plot saved to: owl_cdf_plots/instr_0x2730_operand_45_p0.014893.png
[2025-10-29T21:04:03Z INFO  analyzer::plot]   Fixed total accesses: 10
[2025-10-29T21:04:03Z INFO  analyzer::plot]   Random total accesses: 10
[2025-10-29T21:04:03Z INFO  analyzer::plot]   Maximum CDF difference: 0.7000
[2025-10-29T21:04:03Z INFO  analyzer::memory] Generating CDF plot for instruction 0x2750 operand 46 (p=0.014893)
[2025-10-29T21:04:03Z INFO  analyzer::plot] CDF plot saved to: owl_cdf_plots/instr_0x2750_operand_46_p0.014893.png
[2025-10-29T21:04:03Z INFO  analyzer::plot]   Fixed total accesses: 10
[2025-10-29T21:04:03Z INFO  analyzer::plot]   Random total accesses: 10
[2025-10-29T21:04:03Z INFO  analyzer::plot]   Maximum CDF difference: 0.7000
[2025-10-29T21:04:03Z INFO  analyzer::memory] Generating CDF plot for instruction 0x2770 operand 6 (p=0.014893)
[2025-10-29T21:04:03Z INFO  analyzer::plot] CDF plot saved to: owl_cdf_plots/instr_0x2770_operand_6_p0.014893.png
[2025-10-29T21:04:03Z INFO  analyzer::plot]   Fixed total accesses: 10
[2025-10-29T21:04:03Z INFO  analyzer::plot]   Random total accesses: 10
[2025-10-29T21:04:03Z INFO  analyzer::plot]   Maximum CDF difference: 0.7000
[2025-10-29T21:04:03Z INFO  analyzer::memory] Generating CDF plot for instruction 0x2770 operand 41 (p=0.014893)
[2025-10-29T21:04:03Z INFO  analyzer::plot] CDF plot saved to: owl_cdf_plots/instr_0x2770_operand_41_p0.014893.png
[2025-10-29T21:04:03Z INFO  analyzer::plot]   Fixed total accesses: 10
[2025-10-29T21:04:03Z INFO  analyzer::plot]   Random total accesses: 10
[2025-10-29T21:04:03Z INFO  analyzer::plot]   Maximum CDF difference: 0.7000
[2025-10-29T21:04:03Z INFO  analyzer::memory] Generating CDF plot for instruction 0x2850 operand 38 (p=0.014893)
[2025-10-29T21:04:03Z INFO  analyzer::plot] CDF plot saved to: owl_cdf_plots/instr_0x2850_operand_38_p0.014893.png
[2025-10-29T21:04:03Z INFO  analyzer::plot]   Fixed total accesses: 10
[2025-10-29T21:04:03Z INFO  analyzer::plot]   Random total accesses: 10
[2025-10-29T21:04:03Z INFO  analyzer::plot]   Maximum CDF difference: 0.7000
[2025-10-29T21:04:03Z INFO  analyzer::memory] Generating CDF plot for instruction 0x2970 operand 10 (p=0.014893)
[2025-10-29T21:04:03Z INFO  analyzer::plot] CDF plot saved to: owl_cdf_plots/instr_0x2970_operand_10_p0.014893.png
[2025-10-29T21:04:03Z INFO  analyzer::plot]   Fixed total accesses: 10
[2025-10-29T21:04:03Z INFO  analyzer::plot]   Random total accesses: 10
[2025-10-29T21:04:03Z INFO  analyzer::plot]   Maximum CDF difference: 0.7000
[2025-10-29T21:04:03Z INFO  analyzer::memory] Generating CDF plot for instruction 0x2970 operand 21 (p=0.003323)
[2025-10-29T21:04:03Z INFO  analyzer::plot] CDF plot saved to: owl_cdf_plots/instr_0x2970_operand_21_p0.003323.png
[2025-10-29T21:04:03Z INFO  analyzer::plot]   Fixed total accesses: 10
[2025-10-29T21:04:03Z INFO  analyzer::plot]   Random total accesses: 10
[2025-10-29T21:04:03Z INFO  analyzer::plot]   Maximum CDF difference: 0.8000
[2025-10-29T21:04:03Z INFO  analyzer::memory] Generating CDF plot for instruction 0x2980 operand 33 (p=0.014893)
[2025-10-29T21:04:03Z INFO  analyzer::plot] CDF plot saved to: owl_cdf_plots/instr_0x2980_operand_33_p0.014893.png
[2025-10-29T21:04:03Z INFO  analyzer::plot]   Fixed total accesses: 10
[2025-10-29T21:04:03Z INFO  analyzer::plot]   Random total accesses: 10
[2025-10-29T21:04:03Z INFO  analyzer::plot]   Maximum CDF difference: 0.7000
[2025-10-29T21:04:03Z INFO  analyzer::memory] Generating CDF plot for instruction 0x2980 operand 63 (p=0.014893)
[2025-10-29T21:04:03Z INFO  analyzer::plot] CDF plot saved to: owl_cdf_plots/instr_0x2980_operand_63_p0.014893.png
[2025-10-29T21:04:03Z INFO  analyzer::plot]   Fixed total accesses: 10
[2025-10-29T21:04:03Z INFO  analyzer::plot]   Random total accesses: 10
[2025-10-29T21:04:03Z INFO  analyzer::plot]   Maximum CDF difference: 0.7000
[2025-10-29T21:04:03Z INFO  analyzer::memory] Generating CDF plot for instruction 0x29c0 operand 34 (p=0.003323)
[2025-10-29T21:04:03Z INFO  analyzer::plot] CDF plot saved to: owl_cdf_plots/instr_0x29c0_operand_34_p0.003323.png
[2025-10-29T21:04:03Z INFO  analyzer::plot]   Fixed total accesses: 10
[2025-10-29T21:04:03Z INFO  analyzer::plot]   Random total accesses: 10
[2025-10-29T21:04:03Z INFO  analyzer::plot]   Maximum CDF difference: 0.8000
[2025-10-29T21:04:03Z INFO  analyzer::memory] Generating CDF plot for instruction 0x2a70 operand 0 (p=0.014893)
[2025-10-29T21:04:03Z INFO  analyzer::plot] CDF plot saved to: owl_cdf_plots/instr_0x2a70_operand_0_p0.014893.png
[2025-10-29T21:04:03Z INFO  analyzer::plot]   Fixed total accesses: 10
[2025-10-29T21:04:03Z INFO  analyzer::plot]   Random total accesses: 10
[2025-10-29T21:04:03Z INFO  analyzer::plot]   Maximum CDF difference: 0.7000
[2025-10-29T21:04:03Z INFO  analyzer::memory] Generating CDF plot for instruction 0x2a70 operand 1 (p=0.014893)
[2025-10-29T21:04:03Z INFO  analyzer::plot] CDF plot saved to: owl_cdf_plots/instr_0x2a70_operand_1_p0.014893.png
[2025-10-29T21:04:03Z INFO  analyzer::plot]   Fixed total accesses: 10
[2025-10-29T21:04:03Z INFO  analyzer::plot]   Random total accesses: 10
[2025-10-29T21:04:03Z INFO  analyzer::plot]   Maximum CDF difference: 0.7000
[2025-10-29T21:04:03Z INFO  analyzer::memory] Generating CDF plot for instruction 0x2a70 operand 2 (p=0.014893)
[2025-10-29T21:04:03Z INFO  analyzer::plot] CDF plot saved to: owl_cdf_plots/instr_0x2a70_operand_2_p0.014893.png
[2025-10-29T21:04:03Z INFO  analyzer::plot]   Fixed total accesses: 10
[2025-10-29T21:04:03Z INFO  analyzer::plot]   Random total accesses: 10
[2025-10-29T21:04:03Z INFO  analyzer::plot]   Maximum CDF difference: 0.7000
[2025-10-29T21:04:03Z INFO  analyzer::memory] Generating CDF plot for instruction 0x2a70 operand 3 (p=0.014893)
[2025-10-29T21:04:03Z INFO  analyzer::plot] CDF plot saved to: owl_cdf_plots/instr_0x2a70_operand_3_p0.014893.png
[2025-10-29T21:04:03Z INFO  analyzer::plot]   Fixed total accesses: 10
[2025-10-29T21:04:03Z INFO  analyzer::plot]   Random total accesses: 10
[2025-10-29T21:04:03Z INFO  analyzer::plot]   Maximum CDF difference: 0.7000
[2025-10-29T21:04:03Z INFO  analyzer::memory] Generating CDF plot for instruction 0x2a70 operand 4 (p=0.014893)
[2025-10-29T21:04:03Z INFO  analyzer::plot] CDF plot saved to: owl_cdf_plots/instr_0x2a70_operand_4_p0.014893.png
[2025-10-29T21:04:03Z INFO  analyzer::plot]   Fixed total accesses: 10
[2025-10-29T21:04:03Z INFO  analyzer::plot]   Random total accesses: 10
[2025-10-29T21:04:03Z INFO  analyzer::plot]   Maximum CDF difference: 0.7000
[2025-10-29T21:04:03Z INFO  analyzer::memory] Generating CDF plot for instruction 0x2b10 operand 17 (p=0.014893)
[2025-10-29T21:04:03Z INFO  analyzer::plot] CDF plot saved to: owl_cdf_plots/instr_0x2b10_operand_17_p0.014893.png
[2025-10-29T21:04:03Z INFO  analyzer::plot]   Fixed total accesses: 10
[2025-10-29T21:04:03Z INFO  analyzer::plot]   Random total accesses: 10
[2025-10-29T21:04:03Z INFO  analyzer::plot]   Maximum CDF difference: 0.7000
[2025-10-29T21:04:03Z INFO  analyzer::memory] Generating CDF plot for instruction 0x2b30 operand 11 (p=0.014893)
[2025-10-29T21:04:03Z INFO  analyzer::plot] CDF plot saved to: owl_cdf_plots/instr_0x2b30_operand_11_p0.014893.png
[2025-10-29T21:04:03Z INFO  analyzer::plot]   Fixed total accesses: 10
[2025-10-29T21:04:03Z INFO  analyzer::plot]   Random total accesses: 10
[2025-10-29T21:04:03Z INFO  analyzer::plot]   Maximum CDF difference: 0.7000
[2025-10-29T21:04:03Z INFO  analyzer::memory] Generating CDF plot for instruction 0x2b90 operand 0 (p=0.014893)
[2025-10-29T21:04:03Z INFO  analyzer::plot] CDF plot saved to: owl_cdf_plots/instr_0x2b90_operand_0_p0.014893.png
[2025-10-29T21:04:03Z INFO  analyzer::plot]   Fixed total accesses: 10
[2025-10-29T21:04:03Z INFO  analyzer::plot]   Random total accesses: 10
[2025-10-29T21:04:03Z INFO  analyzer::plot]   Maximum CDF difference: 0.7000
[2025-10-29T21:04:03Z INFO  analyzer::memory] Generating CDF plot for instruction 0x2b90 operand 1 (p=0.014893)
[2025-10-29T21:04:03Z INFO  analyzer::plot] CDF plot saved to: owl_cdf_plots/instr_0x2b90_operand_1_p0.014893.png
[2025-10-29T21:04:03Z INFO  analyzer::plot]   Fixed total accesses: 10
[2025-10-29T21:04:03Z INFO  analyzer::plot]   Random total accesses: 10
[2025-10-29T21:04:03Z INFO  analyzer::plot]   Maximum CDF difference: 0.7000
[2025-10-29T21:04:03Z INFO  analyzer::memory] Generating CDF plot for instruction 0x2b90 operand 2 (p=0.014893)
[2025-10-29T21:04:03Z INFO  analyzer::plot] CDF plot saved to: owl_cdf_plots/instr_0x2b90_operand_2_p0.014893.png
[2025-10-29T21:04:03Z INFO  analyzer::plot]   Fixed total accesses: 10
[2025-10-29T21:04:03Z INFO  analyzer::plot]   Random total accesses: 10
[2025-10-29T21:04:03Z INFO  analyzer::plot]   Maximum CDF difference: 0.7000
[2025-10-29T21:04:03Z INFO  analyzer::memory] Generating CDF plot for instruction 0x2b90 operand 3 (p=0.014893)
[2025-10-29T21:04:03Z INFO  analyzer::plot] CDF plot saved to: owl_cdf_plots/instr_0x2b90_operand_3_p0.014893.png
[2025-10-29T21:04:03Z INFO  analyzer::plot]   Fixed total accesses: 10
[2025-10-29T21:04:03Z INFO  analyzer::plot]   Random total accesses: 10
[2025-10-29T21:04:03Z INFO  analyzer::plot]   Maximum CDF difference: 0.7000
[2025-10-29T21:04:03Z INFO  analyzer::memory] Generating CDF plot for instruction 0x2b90 operand 4 (p=0.014893)
[2025-10-29T21:04:03Z INFO  analyzer::plot] CDF plot saved to: owl_cdf_plots/instr_0x2b90_operand_4_p0.014893.png
[2025-10-29T21:04:03Z INFO  analyzer::plot]   Fixed total accesses: 10
[2025-10-29T21:04:03Z INFO  analyzer::plot]   Random total accesses: 10
[2025-10-29T21:04:03Z INFO  analyzer::plot]   Maximum CDF difference: 0.7000
[2025-10-29T21:04:03Z INFO  analyzer::memory] Generating CDF plot for instruction 0x2bb0 operand 5 (p=0.014893)
[2025-10-29T21:04:03Z INFO  analyzer::plot] CDF plot saved to: owl_cdf_plots/instr_0x2bb0_operand_5_p0.014893.png
[2025-10-29T21:04:03Z INFO  analyzer::plot]   Fixed total accesses: 10
[2025-10-29T21:04:03Z INFO  analyzer::plot]   Random total accesses: 10
[2025-10-29T21:04:03Z INFO  analyzer::plot]   Maximum CDF difference: 0.7000
[2025-10-29T21:04:03Z INFO  analyzer::memory] Generating CDF plot for instruction 0x2c80 operand 13 (p=0.014893)
[2025-10-29T21:04:03Z INFO  analyzer::plot] CDF plot saved to: owl_cdf_plots/instr_0x2c80_operand_13_p0.014893.png
[2025-10-29T21:04:03Z INFO  analyzer::plot]   Fixed total accesses: 10
[2025-10-29T21:04:03Z INFO  analyzer::plot]   Random total accesses: 10
[2025-10-29T21:04:03Z INFO  analyzer::plot]   Maximum CDF difference: 0.7000
[2025-10-29T21:04:03Z INFO  analyzer::memory] Generating CDF plot for instruction 0x2c80 operand 17 (p=0.014893)
[2025-10-29T21:04:03Z INFO  analyzer::plot] CDF plot saved to: owl_cdf_plots/instr_0x2c80_operand_17_p0.014893.png
[2025-10-29T21:04:03Z INFO  analyzer::plot]   Fixed total accesses: 10
[2025-10-29T21:04:03Z INFO  analyzer::plot]   Random total accesses: 10
[2025-10-29T21:04:03Z INFO  analyzer::plot]   Maximum CDF difference: 0.7000
[2025-10-29T21:04:03Z INFO  analyzer::memory] Generating CDF plot for instruction 0x2c80 operand 58 (p=0.014893)
[2025-10-29T21:04:03Z INFO  analyzer::plot] CDF plot saved to: owl_cdf_plots/instr_0x2c80_operand_58_p0.014893.png
[2025-10-29T21:04:03Z INFO  analyzer::plot]   Fixed total accesses: 10
[2025-10-29T21:04:03Z INFO  analyzer::plot]   Random total accesses: 10
[2025-10-29T21:04:03Z INFO  analyzer::plot]   Maximum CDF difference: 0.7000
[2025-10-29T21:04:03Z INFO  analyzer::memory] Generating CDF plot for instruction 0x2cc0 operand 9 (p=0.014893)
[2025-10-29T21:04:03Z INFO  analyzer::plot] CDF plot saved to: owl_cdf_plots/instr_0x2cc0_operand_9_p0.014893.png
[2025-10-29T21:04:03Z INFO  analyzer::plot]   Fixed total accesses: 10
[2025-10-29T21:04:03Z INFO  analyzer::plot]   Random total accesses: 10
[2025-10-29T21:04:03Z INFO  analyzer::plot]   Maximum CDF difference: 0.7000
[2025-10-29T21:04:03Z INFO  analyzer::memory] Generating CDF plot for instruction 0x2cc0 operand 43 (p=0.014893)
[2025-10-29T21:04:03Z INFO  analyzer::plot] CDF plot saved to: owl_cdf_plots/instr_0x2cc0_operand_43_p0.014893.png
[2025-10-29T21:04:03Z INFO  analyzer::plot]   Fixed total accesses: 10
[2025-10-29T21:04:03Z INFO  analyzer::plot]   Random total accesses: 10
[2025-10-29T21:04:03Z INFO  analyzer::plot]   Maximum CDF difference: 0.7000
[2025-10-29T21:04:03Z INFO  analyzer::memory] Generating CDF plot for instruction 0x2ce0 operand 12 (p=0.014893)
[2025-10-29T21:04:03Z INFO  analyzer::plot] CDF plot saved to: owl_cdf_plots/instr_0x2ce0_operand_12_p0.014893.png
[2025-10-29T21:04:03Z INFO  analyzer::plot]   Fixed total accesses: 10
[2025-10-29T21:04:03Z INFO  analyzer::plot]   Random total accesses: 10
[2025-10-29T21:04:03Z INFO  analyzer::plot]   Maximum CDF difference: 0.7000
[2025-10-29T21:04:03Z INFO  analyzer::memory] Generating CDF plot for instruction 0x2ce0 operand 39 (p=0.014893)
[2025-10-29T21:04:03Z INFO  analyzer::plot] CDF plot saved to: owl_cdf_plots/instr_0x2ce0_operand_39_p0.014893.png
[2025-10-29T21:04:03Z INFO  analyzer::plot]   Fixed total accesses: 10
[2025-10-29T21:04:03Z INFO  analyzer::plot]   Random total accesses: 10
[2025-10-29T21:04:03Z INFO  analyzer::plot]   Maximum CDF difference: 0.7000
[2025-10-29T21:04:03Z INFO  analyzer::memory] Generating CDF plot for instruction 0x2d60 operand 0 (p=0.014893)
[2025-10-29T21:04:03Z INFO  analyzer::plot] CDF plot saved to: owl_cdf_plots/instr_0x2d60_operand_0_p0.014893.png
[2025-10-29T21:04:03Z INFO  analyzer::plot]   Fixed total accesses: 10
[2025-10-29T21:04:03Z INFO  analyzer::plot]   Random total accesses: 10
[2025-10-29T21:04:03Z INFO  analyzer::plot]   Maximum CDF difference: 0.7000
[2025-10-29T21:04:03Z INFO  analyzer::memory] Generating CDF plot for instruction 0x2d60 operand 30 (p=0.003323)
[2025-10-29T21:04:03Z INFO  analyzer::plot] CDF plot saved to: owl_cdf_plots/instr_0x2d60_operand_30_p0.003323.png
[2025-10-29T21:04:03Z INFO  analyzer::plot]   Fixed total accesses: 10
[2025-10-29T21:04:03Z INFO  analyzer::plot]   Random total accesses: 10
[2025-10-29T21:04:03Z INFO  analyzer::plot]   Maximum CDF difference: 0.8000
[2025-10-29T21:04:03Z INFO  analyzer::memory] Generating CDF plot for instruction 0x2f00 operand 0 (p=0.003323)
[2025-10-29T21:04:03Z INFO  analyzer::plot] CDF plot saved to: owl_cdf_plots/instr_0x2f00_operand_0_p0.003323.png
[2025-10-29T21:04:03Z INFO  analyzer::plot]   Fixed total accesses: 10
[2025-10-29T21:04:03Z INFO  analyzer::plot]   Random total accesses: 10
[2025-10-29T21:04:03Z INFO  analyzer::plot]   Maximum CDF difference: 0.8000
[2025-10-29T21:04:03Z INFO  analyzer::memory] Generating CDF plot for instruction 0x2f00 operand 1 (p=0.003323)
[2025-10-29T21:04:03Z INFO  analyzer::plot] CDF plot saved to: owl_cdf_plots/instr_0x2f00_operand_1_p0.003323.png
[2025-10-29T21:04:03Z INFO  analyzer::plot]   Fixed total accesses: 10
[2025-10-29T21:04:03Z INFO  analyzer::plot]   Random total accesses: 10
[2025-10-29T21:04:03Z INFO  analyzer::plot]   Maximum CDF difference: 0.8000
[2025-10-29T21:04:03Z INFO  analyzer::memory] Generating CDF plot for instruction 0x2f00 operand 2 (p=0.003323)
[2025-10-29T21:04:03Z INFO  analyzer::plot] CDF plot saved to: owl_cdf_plots/instr_0x2f00_operand_2_p0.003323.png
[2025-10-29T21:04:03Z INFO  analyzer::plot]   Fixed total accesses: 10
[2025-10-29T21:04:03Z INFO  analyzer::plot]   Random total accesses: 10
[2025-10-29T21:04:03Z INFO  analyzer::plot]   Maximum CDF difference: 0.8000
[2025-10-29T21:04:03Z INFO  analyzer::memory] Generating CDF plot for instruction 0x2f00 operand 3 (p=0.003323)
[2025-10-29T21:04:03Z INFO  analyzer::plot] CDF plot saved to: owl_cdf_plots/instr_0x2f00_operand_3_p0.003323.png
[2025-10-29T21:04:03Z INFO  analyzer::plot]   Fixed total accesses: 10
[2025-10-29T21:04:03Z INFO  analyzer::plot]   Random total accesses: 10
[2025-10-29T21:04:03Z INFO  analyzer::plot]   Maximum CDF difference: 0.8000
[2025-10-29T21:04:03Z INFO  analyzer::memory] Generating CDF plot for instruction 0x2f00 operand 4 (p=0.003323)
[2025-10-29T21:04:03Z INFO  analyzer::plot] CDF plot saved to: owl_cdf_plots/instr_0x2f00_operand_4_p0.003323.png
[2025-10-29T21:04:03Z INFO  analyzer::plot]   Fixed total accesses: 10
[2025-10-29T21:04:03Z INFO  analyzer::plot]   Random total accesses: 10
[2025-10-29T21:04:03Z INFO  analyzer::plot]   Maximum CDF difference: 0.8000
[2025-10-29T21:04:03Z INFO  analyzer::memory] Generating CDF plot for instruction 0x2f20 operand 0 (p=0.014893)
[2025-10-29T21:04:03Z INFO  analyzer::plot] CDF plot saved to: owl_cdf_plots/instr_0x2f20_operand_0_p0.014893.png
[2025-10-29T21:04:03Z INFO  analyzer::plot]   Fixed total accesses: 10
[2025-10-29T21:04:03Z INFO  analyzer::plot]   Random total accesses: 10
[2025-10-29T21:04:03Z INFO  analyzer::plot]   Maximum CDF difference: 0.7000
[2025-10-29T21:04:03Z INFO  analyzer::memory] Generating CDF plot for instruction 0x2f20 operand 1 (p=0.014893)
[2025-10-29T21:04:03Z INFO  analyzer::plot] CDF plot saved to: owl_cdf_plots/instr_0x2f20_operand_1_p0.014893.png
[2025-10-29T21:04:03Z INFO  analyzer::plot]   Fixed total accesses: 10
[2025-10-29T21:04:03Z INFO  analyzer::plot]   Random total accesses: 10
[2025-10-29T21:04:03Z INFO  analyzer::plot]   Maximum CDF difference: 0.7000
[2025-10-29T21:04:03Z INFO  analyzer::memory] Generating CDF plot for instruction 0x2f20 operand 2 (p=0.014893)
[2025-10-29T21:04:03Z INFO  analyzer::plot] CDF plot saved to: owl_cdf_plots/instr_0x2f20_operand_2_p0.014893.png
[2025-10-29T21:04:03Z INFO  analyzer::plot]   Fixed total accesses: 10
[2025-10-29T21:04:03Z INFO  analyzer::plot]   Random total accesses: 10
[2025-10-29T21:04:03Z INFO  analyzer::plot]   Maximum CDF difference: 0.7000
[2025-10-29T21:04:03Z INFO  analyzer::memory] Generating CDF plot for instruction 0x2f20 operand 3 (p=0.014893)
[2025-10-29T21:04:03Z INFO  analyzer::plot] CDF plot saved to: owl_cdf_plots/instr_0x2f20_operand_3_p0.014893.png
[2025-10-29T21:04:03Z INFO  analyzer::plot]   Fixed total accesses: 10
[2025-10-29T21:04:03Z INFO  analyzer::plot]   Random total accesses: 10
[2025-10-29T21:04:03Z INFO  analyzer::plot]   Maximum CDF difference: 0.7000
[2025-10-29T21:04:03Z INFO  analyzer::memory] Generating CDF plot for instruction 0x2f20 operand 4 (p=0.014893)
[2025-10-29T21:04:03Z INFO  analyzer::plot] CDF plot saved to: owl_cdf_plots/instr_0x2f20_operand_4_p0.014893.png
[2025-10-29T21:04:03Z INFO  analyzer::plot]   Fixed total accesses: 10
[2025-10-29T21:04:03Z INFO  analyzer::plot]   Random total accesses: 10
[2025-10-29T21:04:03Z INFO  analyzer::plot]   Maximum CDF difference: 0.7000
[2025-10-29T21:04:03Z INFO  analyzer::memory] Generating CDF plot for instruction 0x2f60 operand 0 (p=0.000091)
[2025-10-29T21:04:03Z INFO  analyzer::plot] CDF plot saved to: owl_cdf_plots/instr_0x2f60_operand_0_p0.000091.png
[2025-10-29T21:04:03Z INFO  analyzer::plot]   Fixed total accesses: 10
[2025-10-29T21:04:03Z INFO  analyzer::plot]   Random total accesses: 10
[2025-10-29T21:04:03Z INFO  analyzer::plot]   Maximum CDF difference: 1.0000
[2025-10-29T21:04:03Z INFO  analyzer::memory] Generating CDF plot for instruction 0x2f60 operand 1 (p=0.000091)
[2025-10-29T21:04:03Z INFO  analyzer::plot] CDF plot saved to: owl_cdf_plots/instr_0x2f60_operand_1_p0.000091.png
[2025-10-29T21:04:03Z INFO  analyzer::plot]   Fixed total accesses: 10
[2025-10-29T21:04:03Z INFO  analyzer::plot]   Random total accesses: 10
[2025-10-29T21:04:03Z INFO  analyzer::plot]   Maximum CDF difference: 1.0000
[2025-10-29T21:04:03Z INFO  analyzer::memory] Generating CDF plot for instruction 0x2f60 operand 2 (p=0.000091)
[2025-10-29T21:04:03Z INFO  analyzer::plot] CDF plot saved to: owl_cdf_plots/instr_0x2f60_operand_2_p0.000091.png
[2025-10-29T21:04:03Z INFO  analyzer::plot]   Fixed total accesses: 10
[2025-10-29T21:04:03Z INFO  analyzer::plot]   Random total accesses: 10
[2025-10-29T21:04:03Z INFO  analyzer::plot]   Maximum CDF difference: 1.0000
[2025-10-29T21:04:03Z INFO  analyzer::memory] Generating CDF plot for instruction 0x2f60 operand 3 (p=0.000091)
[2025-10-29T21:04:03Z INFO  analyzer::plot] CDF plot saved to: owl_cdf_plots/instr_0x2f60_operand_3_p0.000091.png
[2025-10-29T21:04:03Z INFO  analyzer::plot]   Fixed total accesses: 10
[2025-10-29T21:04:03Z INFO  analyzer::plot]   Random total accesses: 10
[2025-10-29T21:04:03Z INFO  analyzer::plot]   Maximum CDF difference: 1.0000
[2025-10-29T21:04:03Z INFO  analyzer::memory] Generating CDF plot for instruction 0x2f60 operand 4 (p=0.000091)
[2025-10-29T21:04:03Z INFO  analyzer::plot] CDF plot saved to: owl_cdf_plots/instr_0x2f60_operand_4_p0.000091.png
[2025-10-29T21:04:03Z INFO  analyzer::plot]   Fixed total accesses: 10
[2025-10-29T21:04:03Z INFO  analyzer::plot]   Random total accesses: 10
[2025-10-29T21:04:03Z INFO  analyzer::plot]   Maximum CDF difference: 1.0000
[2025-10-29T21:04:03Z INFO  analyzer::memory] Generating CDF plot for instruction 0x2fd0 operand 39 (p=0.003323)
[2025-10-29T21:04:03Z INFO  analyzer::plot] CDF plot saved to: owl_cdf_plots/instr_0x2fd0_operand_39_p0.003323.png
[2025-10-29T21:04:03Z INFO  analyzer::plot]   Fixed total accesses: 10
[2025-10-29T21:04:03Z INFO  analyzer::plot]   Random total accesses: 10
[2025-10-29T21:04:03Z INFO  analyzer::plot]   Maximum CDF difference: 0.8000
[2025-10-29T21:04:03Z INFO  analyzer::memory] Generating CDF plot for instruction 0x2fd0 operand 55 (p=0.014893)
[2025-10-29T21:04:03Z INFO  analyzer::plot] CDF plot saved to: owl_cdf_plots/instr_0x2fd0_operand_55_p0.014893.png
[2025-10-29T21:04:03Z INFO  analyzer::plot]   Fixed total accesses: 10
[2025-10-29T21:04:03Z INFO  analyzer::plot]   Random total accesses: 10
[2025-10-29T21:04:03Z INFO  analyzer::plot]   Maximum CDF difference: 0.7000
[2025-10-29T21:04:03Z INFO  analyzer::memory] Generating CDF plot for instruction 0x2fd0 operand 59 (p=0.014893)
[2025-10-29T21:04:03Z INFO  analyzer::plot] CDF plot saved to: owl_cdf_plots/instr_0x2fd0_operand_59_p0.014893.png
[2025-10-29T21:04:03Z INFO  analyzer::plot]   Fixed total accesses: 10
[2025-10-29T21:04:03Z INFO  analyzer::plot]   Random total accesses: 10
[2025-10-29T21:04:03Z INFO  analyzer::plot]   Maximum CDF difference: 0.7000
[2025-10-29T21:04:03Z INFO  analyzer::memory] Generating CDF plot for instruction 0x2fd0 operand 62 (p=0.014893)
[2025-10-29T21:04:03Z INFO  analyzer::plot] CDF plot saved to: owl_cdf_plots/instr_0x2fd0_operand_62_p0.014893.png
[2025-10-29T21:04:03Z INFO  analyzer::plot]   Fixed total accesses: 10
[2025-10-29T21:04:03Z INFO  analyzer::plot]   Random total accesses: 10
[2025-10-29T21:04:03Z INFO  analyzer::plot]   Maximum CDF difference: 0.7000
[2025-10-29T21:04:03Z INFO  analyzer::memory] Generating CDF plot for instruction 0x3040 operand 25 (p=0.014893)
[2025-10-29T21:04:03Z INFO  analyzer::plot] CDF plot saved to: owl_cdf_plots/instr_0x3040_operand_25_p0.014893.png
[2025-10-29T21:04:03Z INFO  analyzer::plot]   Fixed total accesses: 10
[2025-10-29T21:04:03Z INFO  analyzer::plot]   Random total accesses: 10
[2025-10-29T21:04:03Z INFO  analyzer::plot]   Maximum CDF difference: 0.7000
[2025-10-29T21:04:03Z INFO  analyzer::memory] Generating CDF plot for instruction 0x3040 operand 62 (p=0.014893)
[2025-10-29T21:04:03Z INFO  analyzer::plot] CDF plot saved to: owl_cdf_plots/instr_0x3040_operand_62_p0.014893.png
[2025-10-29T21:04:03Z INFO  analyzer::plot]   Fixed total accesses: 10
[2025-10-29T21:04:03Z INFO  analyzer::plot]   Random total accesses: 10
[2025-10-29T21:04:03Z INFO  analyzer::plot]   Maximum CDF difference: 0.7000
[2025-10-29T21:04:03Z INFO  analyzer::memory] Generating CDF plot for instruction 0x3140 operand 43 (p=0.014893)
[2025-10-29T21:04:03Z INFO  analyzer::plot] CDF plot saved to: owl_cdf_plots/instr_0x3140_operand_43_p0.014893.png
[2025-10-29T21:04:03Z INFO  analyzer::plot]   Fixed total accesses: 10
[2025-10-29T21:04:03Z INFO  analyzer::plot]   Random total accesses: 10
[2025-10-29T21:04:03Z INFO  analyzer::plot]   Maximum CDF difference: 0.7000
[2025-10-29T21:04:03Z INFO  analyzer::memory] Generating CDF plot for instruction 0x3150 operand 45 (p=0.014893)
[2025-10-29T21:04:03Z INFO  analyzer::plot] CDF plot saved to: owl_cdf_plots/instr_0x3150_operand_45_p0.014893.png
[2025-10-29T21:04:03Z INFO  analyzer::plot]   Fixed total accesses: 10
[2025-10-29T21:04:03Z INFO  analyzer::plot]   Random total accesses: 10
[2025-10-29T21:04:03Z INFO  analyzer::plot]   Maximum CDF difference: 0.7000
[2025-10-29T21:04:03Z INFO  analyzer::memory] Generating CDF plot for instruction 0x31e0 operand 5 (p=0.003323)
[2025-10-29T21:04:03Z INFO  analyzer::plot] CDF plot saved to: owl_cdf_plots/instr_0x31e0_operand_5_p0.003323.png
[2025-10-29T21:04:03Z INFO  analyzer::plot]   Fixed total accesses: 10
[2025-10-29T21:04:03Z INFO  analyzer::plot]   Random total accesses: 10
[2025-10-29T21:04:03Z INFO  analyzer::plot]   Maximum CDF difference: 0.8000
[2025-10-29T21:04:03Z INFO  analyzer::memory] Generating CDF plot for instruction 0x31e0 operand 48 (p=0.014893)
[2025-10-29T21:04:03Z INFO  analyzer::plot] CDF plot saved to: owl_cdf_plots/instr_0x31e0_operand_48_p0.014893.png
[2025-10-29T21:04:03Z INFO  analyzer::plot]   Fixed total accesses: 10
[2025-10-29T21:04:03Z INFO  analyzer::plot]   Random total accesses: 10
[2025-10-29T21:04:03Z INFO  analyzer::plot]   Maximum CDF difference: 0.7000
[2025-10-29T21:04:03Z INFO  analyzer::memory] Generating CDF plot for instruction 0x3200 operand 51 (p=0.014893)
[2025-10-29T21:04:03Z INFO  analyzer::plot] CDF plot saved to: owl_cdf_plots/instr_0x3200_operand_51_p0.014893.png
[2025-10-29T21:04:03Z INFO  analyzer::plot]   Fixed total accesses: 10
[2025-10-29T21:04:03Z INFO  analyzer::plot]   Random total accesses: 10
[2025-10-29T21:04:03Z INFO  analyzer::plot]   Maximum CDF difference: 0.7000
[2025-10-29T21:04:03Z INFO  analyzer::memory] Generating CDF plot for instruction 0x3200 operand 52 (p=0.014893)
[2025-10-29T21:04:03Z INFO  analyzer::plot] CDF plot saved to: owl_cdf_plots/instr_0x3200_operand_52_p0.014893.png
[2025-10-29T21:04:03Z INFO  analyzer::plot]   Fixed total accesses: 10
[2025-10-29T21:04:03Z INFO  analyzer::plot]   Random total accesses: 10
[2025-10-29T21:04:03Z INFO  analyzer::plot]   Maximum CDF difference: 0.7000
[2025-10-29T21:04:03Z INFO  analyzer::memory] Generating CDF plot for instruction 0x3210 operand 14 (p=0.014893)
[2025-10-29T21:04:03Z INFO  analyzer::plot] CDF plot saved to: owl_cdf_plots/instr_0x3210_operand_14_p0.014893.png
[2025-10-29T21:04:03Z INFO  analyzer::plot]   Fixed total accesses: 10
[2025-10-29T21:04:03Z INFO  analyzer::plot]   Random total accesses: 10
[2025-10-29T21:04:03Z INFO  analyzer::plot]   Maximum CDF difference: 0.7000
[2025-10-29T21:04:03Z INFO  analyzer::memory] Generating CDF plot for instruction 0x3210 operand 40 (p=0.014893)
[2025-10-29T21:04:03Z INFO  analyzer::plot] CDF plot saved to: owl_cdf_plots/instr_0x3210_operand_40_p0.014893.png
[2025-10-29T21:04:03Z INFO  analyzer::plot]   Fixed total accesses: 10
[2025-10-29T21:04:03Z INFO  analyzer::plot]   Random total accesses: 10
[2025-10-29T21:04:03Z INFO  analyzer::plot]   Maximum CDF difference: 0.7000
[2025-10-29T21:04:03Z INFO  analyzer::memory] Generating CDF plot for instruction 0x3290 operand 0 (p=0.000607)
[2025-10-29T21:04:03Z INFO  analyzer::plot] CDF plot saved to: owl_cdf_plots/instr_0x3290_operand_0_p0.000607.png
[2025-10-29T21:04:03Z INFO  analyzer::plot]   Fixed total accesses: 10
[2025-10-29T21:04:03Z INFO  analyzer::plot]   Random total accesses: 10
[2025-10-29T21:04:03Z INFO  analyzer::plot]   Maximum CDF difference: 0.9000
[2025-10-29T21:04:03Z INFO  analyzer::memory] Generating CDF plot for instruction 0x3290 operand 1 (p=0.000607)
[2025-10-29T21:04:03Z INFO  analyzer::plot] CDF plot saved to: owl_cdf_plots/instr_0x3290_operand_1_p0.000607.png
[2025-10-29T21:04:03Z INFO  analyzer::plot]   Fixed total accesses: 10
[2025-10-29T21:04:03Z INFO  analyzer::plot]   Random total accesses: 10
[2025-10-29T21:04:03Z INFO  analyzer::plot]   Maximum CDF difference: 0.9000
[2025-10-29T21:04:03Z INFO  analyzer::memory] Generating CDF plot for instruction 0x3290 operand 2 (p=0.000607)
[2025-10-29T21:04:03Z INFO  analyzer::plot] CDF plot saved to: owl_cdf_plots/instr_0x3290_operand_2_p0.000607.png
[2025-10-29T21:04:03Z INFO  analyzer::plot]   Fixed total accesses: 10
[2025-10-29T21:04:03Z INFO  analyzer::plot]   Random total accesses: 10
[2025-10-29T21:04:03Z INFO  analyzer::plot]   Maximum CDF difference: 0.9000
[2025-10-29T21:04:03Z INFO  analyzer::memory] Generating CDF plot for instruction 0x3290 operand 3 (p=0.000607)
[2025-10-29T21:04:03Z INFO  analyzer::plot] CDF plot saved to: owl_cdf_plots/instr_0x3290_operand_3_p0.000607.png
[2025-10-29T21:04:03Z INFO  analyzer::plot]   Fixed total accesses: 10
[2025-10-29T21:04:03Z INFO  analyzer::plot]   Random total accesses: 10
[2025-10-29T21:04:03Z INFO  analyzer::plot]   Maximum CDF difference: 0.9000
[2025-10-29T21:04:03Z INFO  analyzer::memory] Generating CDF plot for instruction 0x3290 operand 4 (p=0.000607)
[2025-10-29T21:04:03Z INFO  analyzer::plot] CDF plot saved to: owl_cdf_plots/instr_0x3290_operand_4_p0.000607.png
[2025-10-29T21:04:03Z INFO  analyzer::plot]   Fixed total accesses: 10
[2025-10-29T21:04:03Z INFO  analyzer::plot]   Random total accesses: 10
[2025-10-29T21:04:03Z INFO  analyzer::plot]   Maximum CDF difference: 0.9000
[2025-10-29T21:04:03Z INFO  analyzer::memory] Generating CDF plot for instruction 0x32a0 operand 34 (p=0.014893)
[2025-10-29T21:04:03Z INFO  analyzer::plot] CDF plot saved to: owl_cdf_plots/instr_0x32a0_operand_34_p0.014893.png
[2025-10-29T21:04:03Z INFO  analyzer::plot]   Fixed total accesses: 10
[2025-10-29T21:04:03Z INFO  analyzer::plot]   Random total accesses: 10
[2025-10-29T21:04:03Z INFO  analyzer::plot]   Maximum CDF difference: 0.7000
[2025-10-29T21:04:03Z INFO  analyzer::memory] Generating CDF plot for instruction 0x32c0 operand 13 (p=0.014893)
[2025-10-29T21:04:03Z INFO  analyzer::plot] CDF plot saved to: owl_cdf_plots/instr_0x32c0_operand_13_p0.014893.png
[2025-10-29T21:04:03Z INFO  analyzer::plot]   Fixed total accesses: 10
[2025-10-29T21:04:03Z INFO  analyzer::plot]   Random total accesses: 10
[2025-10-29T21:04:03Z INFO  analyzer::plot]   Maximum CDF difference: 0.7000
[2025-10-29T21:04:03Z INFO  analyzer::memory] Generating CDF plot for instruction 0x32c0 operand 34 (p=0.014893)
[2025-10-29T21:04:03Z INFO  analyzer::plot] CDF plot saved to: owl_cdf_plots/instr_0x32c0_operand_34_p0.014893.png
[2025-10-29T21:04:03Z INFO  analyzer::plot]   Fixed total accesses: 10
[2025-10-29T21:04:03Z INFO  analyzer::plot]   Random total accesses: 10
[2025-10-29T21:04:03Z INFO  analyzer::plot]   Maximum CDF difference: 0.7000
[2025-10-29T21:04:03Z INFO  analyzer::memory] Generating CDF plot for instruction 0x3320 operand 7 (p=0.014893)
[2025-10-29T21:04:03Z INFO  analyzer::plot] CDF plot saved to: owl_cdf_plots/instr_0x3320_operand_7_p0.014893.png
[2025-10-29T21:04:03Z INFO  analyzer::plot]   Fixed total accesses: 10
[2025-10-29T21:04:03Z INFO  analyzer::plot]   Random total accesses: 10
[2025-10-29T21:04:03Z INFO  analyzer::plot]   Maximum CDF difference: 0.7000
[2025-10-29T21:04:03Z INFO  analyzer::memory] Generating CDF plot for instruction 0x3330 operand 0 (p=0.000607)
[2025-10-29T21:04:03Z INFO  analyzer::plot] CDF plot saved to: owl_cdf_plots/instr_0x3330_operand_0_p0.000607.png
[2025-10-29T21:04:03Z INFO  analyzer::plot]   Fixed total accesses: 10
[2025-10-29T21:04:03Z INFO  analyzer::plot]   Random total accesses: 10
[2025-10-29T21:04:03Z INFO  analyzer::plot]   Maximum CDF difference: 0.9000
[2025-10-29T21:04:03Z INFO  analyzer::memory] Generating CDF plot for instruction 0x3330 operand 1 (p=0.000607)
[2025-10-29T21:04:03Z INFO  analyzer::plot] CDF plot saved to: owl_cdf_plots/instr_0x3330_operand_1_p0.000607.png
[2025-10-29T21:04:03Z INFO  analyzer::plot]   Fixed total accesses: 10
[2025-10-29T21:04:03Z INFO  analyzer::plot]   Random total accesses: 10
[2025-10-29T21:04:03Z INFO  analyzer::plot]   Maximum CDF difference: 0.9000
[2025-10-29T21:04:03Z INFO  analyzer::memory] Generating CDF plot for instruction 0x3330 operand 2 (p=0.000607)
[2025-10-29T21:04:03Z INFO  analyzer::plot] CDF plot saved to: owl_cdf_plots/instr_0x3330_operand_2_p0.000607.png
[2025-10-29T21:04:03Z INFO  analyzer::plot]   Fixed total accesses: 10
[2025-10-29T21:04:03Z INFO  analyzer::plot]   Random total accesses: 10
[2025-10-29T21:04:03Z INFO  analyzer::plot]   Maximum CDF difference: 0.9000
[2025-10-29T21:04:03Z INFO  analyzer::memory] Generating CDF plot for instruction 0x3330 operand 3 (p=0.000607)
[2025-10-29T21:04:03Z INFO  analyzer::plot] CDF plot saved to: owl_cdf_plots/instr_0x3330_operand_3_p0.000607.png
[2025-10-29T21:04:03Z INFO  analyzer::plot]   Fixed total accesses: 10
[2025-10-29T21:04:03Z INFO  analyzer::plot]   Random total accesses: 10
[2025-10-29T21:04:03Z INFO  analyzer::plot]   Maximum CDF difference: 0.9000
[2025-10-29T21:04:03Z INFO  analyzer::memory] Generating CDF plot for instruction 0x3330 operand 4 (p=0.000607)
[2025-10-29T21:04:03Z INFO  analyzer::plot] CDF plot saved to: owl_cdf_plots/instr_0x3330_operand_4_p0.000607.png
[2025-10-29T21:04:03Z INFO  analyzer::plot]   Fixed total accesses: 10
[2025-10-29T21:04:03Z INFO  analyzer::plot]   Random total accesses: 10
[2025-10-29T21:04:03Z INFO  analyzer::plot]   Maximum CDF difference: 0.9000
[2025-10-29T21:04:03Z INFO  analyzer::memory] Generating CDF plot for instruction 0x3440 operand 0 (p=0.014893)
[2025-10-29T21:04:03Z INFO  analyzer::plot] CDF plot saved to: owl_cdf_plots/instr_0x3440_operand_0_p0.014893.png
[2025-10-29T21:04:03Z INFO  analyzer::plot]   Fixed total accesses: 10
[2025-10-29T21:04:03Z INFO  analyzer::plot]   Random total accesses: 10
[2025-10-29T21:04:03Z INFO  analyzer::plot]   Maximum CDF difference: 0.7000
[2025-10-29T21:04:03Z INFO  analyzer::memory] Generating CDF plot for instruction 0x3440 operand 1 (p=0.014893)
[2025-10-29T21:04:03Z INFO  analyzer::plot] CDF plot saved to: owl_cdf_plots/instr_0x3440_operand_1_p0.014893.png
[2025-10-29T21:04:03Z INFO  analyzer::plot]   Fixed total accesses: 10
[2025-10-29T21:04:03Z INFO  analyzer::plot]   Random total accesses: 10
[2025-10-29T21:04:03Z INFO  analyzer::plot]   Maximum CDF difference: 0.7000
[2025-10-29T21:04:03Z INFO  analyzer::memory] Generating CDF plot for instruction 0x3440 operand 2 (p=0.014893)
[2025-10-29T21:04:03Z INFO  analyzer::plot] CDF plot saved to: owl_cdf_plots/instr_0x3440_operand_2_p0.014893.png
[2025-10-29T21:04:03Z INFO  analyzer::plot]   Fixed total accesses: 10
[2025-10-29T21:04:03Z INFO  analyzer::plot]   Random total accesses: 10
[2025-10-29T21:04:03Z INFO  analyzer::plot]   Maximum CDF difference: 0.7000
[2025-10-29T21:04:03Z INFO  analyzer::memory] Generating CDF plot for instruction 0x3440 operand 3 (p=0.014893)
[2025-10-29T21:04:03Z INFO  analyzer::plot] CDF plot saved to: owl_cdf_plots/instr_0x3440_operand_3_p0.014893.png
[2025-10-29T21:04:03Z INFO  analyzer::plot]   Fixed total accesses: 10
[2025-10-29T21:04:03Z INFO  analyzer::plot]   Random total accesses: 10
[2025-10-29T21:04:03Z INFO  analyzer::plot]   Maximum CDF difference: 0.7000
[2025-10-29T21:04:03Z INFO  analyzer::memory] Generating CDF plot for instruction 0x3440 operand 4 (p=0.014893)
[2025-10-29T21:04:03Z INFO  analyzer::plot] CDF plot saved to: owl_cdf_plots/instr_0x3440_operand_4_p0.014893.png
[2025-10-29T21:04:03Z INFO  analyzer::plot]   Fixed total accesses: 10
[2025-10-29T21:04:03Z INFO  analyzer::plot]   Random total accesses: 10
[2025-10-29T21:04:03Z INFO  analyzer::plot]   Maximum CDF difference: 0.7000
[2025-10-29T21:04:03Z INFO  analyzer::memory] Generating CDF plot for instruction 0x3560 operand 12 (p=0.014893)
[2025-10-29T21:04:03Z INFO  analyzer::plot] CDF plot saved to: owl_cdf_plots/instr_0x3560_operand_12_p0.014893.png
[2025-10-29T21:04:03Z INFO  analyzer::plot]   Fixed total accesses: 10
[2025-10-29T21:04:03Z INFO  analyzer::plot]   Random total accesses: 10
[2025-10-29T21:04:03Z INFO  analyzer::plot]   Maximum CDF difference: 0.7000
[2025-10-29T21:04:03Z INFO  analyzer::memory] Generating CDF plot for instruction 0x3560 operand 25 (p=0.014893)
[2025-10-29T21:04:03Z INFO  analyzer::plot] CDF plot saved to: owl_cdf_plots/instr_0x3560_operand_25_p0.014893.png
[2025-10-29T21:04:03Z INFO  analyzer::plot]   Fixed total accesses: 10
[2025-10-29T21:04:03Z INFO  analyzer::plot]   Random total accesses: 10
[2025-10-29T21:04:03Z INFO  analyzer::plot]   Maximum CDF difference: 0.7000
[2025-10-29T21:04:03Z INFO  analyzer::memory] Generating CDF plot for instruction 0x35d0 operand 11 (p=0.014893)
[2025-10-29T21:04:03Z INFO  analyzer::plot] CDF plot saved to: owl_cdf_plots/instr_0x35d0_operand_11_p0.014893.png
[2025-10-29T21:04:03Z INFO  analyzer::plot]   Fixed total accesses: 10
[2025-10-29T21:04:03Z INFO  analyzer::plot]   Random total accesses: 10
[2025-10-29T21:04:03Z INFO  analyzer::plot]   Maximum CDF difference: 0.7000
[2025-10-29T21:04:03Z INFO  analyzer::memory] Generating CDF plot for instruction 0x36d0 operand 36 (p=0.003323)
[2025-10-29T21:04:03Z INFO  analyzer::plot] CDF plot saved to: owl_cdf_plots/instr_0x36d0_operand_36_p0.003323.png
[2025-10-29T21:04:03Z INFO  analyzer::plot]   Fixed total accesses: 10
[2025-10-29T21:04:03Z INFO  analyzer::plot]   Random total accesses: 10
[2025-10-29T21:04:03Z INFO  analyzer::plot]   Maximum CDF difference: 0.8000
[2025-10-29T21:04:03Z INFO  analyzer::memory] Generating CDF plot for instruction 0x3770 operand 57 (p=0.014893)
[2025-10-29T21:04:03Z INFO  analyzer::plot] CDF plot saved to: owl_cdf_plots/instr_0x3770_operand_57_p0.014893.png
[2025-10-29T21:04:03Z INFO  analyzer::plot]   Fixed total accesses: 10
[2025-10-29T21:04:03Z INFO  analyzer::plot]   Random total accesses: 10
[2025-10-29T21:04:03Z INFO  analyzer::plot]   Maximum CDF difference: 0.7000
[2025-10-29T21:04:03Z INFO  analyzer::memory] Generating CDF plot for instruction 0x37a0 operand 31 (p=0.014893)
[2025-10-29T21:04:03Z INFO  analyzer::plot] CDF plot saved to: owl_cdf_plots/instr_0x37a0_operand_31_p0.014893.png
[2025-10-29T21:04:03Z INFO  analyzer::plot]   Fixed total accesses: 10
[2025-10-29T21:04:03Z INFO  analyzer::plot]   Random total accesses: 10
[2025-10-29T21:04:03Z INFO  analyzer::plot]   Maximum CDF difference: 0.7000
[2025-10-29T21:04:03Z INFO  analyzer::memory] Generating CDF plot for instruction 0x37a0 operand 52 (p=0.014893)
[2025-10-29T21:04:03Z INFO  analyzer::plot] CDF plot saved to: owl_cdf_plots/instr_0x37a0_operand_52_p0.014893.png
[2025-10-29T21:04:03Z INFO  analyzer::plot]   Fixed total accesses: 10
[2025-10-29T21:04:03Z INFO  analyzer::plot]   Random total accesses: 10
[2025-10-29T21:04:03Z INFO  analyzer::plot]   Maximum CDF difference: 0.7000
[2025-10-29T21:04:03Z INFO  analyzer::memory] Generating CDF plot for instruction 0x37c0 operand 56 (p=0.014893)
[2025-10-29T21:04:03Z INFO  analyzer::plot] CDF plot saved to: owl_cdf_plots/instr_0x37c0_operand_56_p0.014893.png
[2025-10-29T21:04:03Z INFO  analyzer::plot]   Fixed total accesses: 10
[2025-10-29T21:04:03Z INFO  analyzer::plot]   Random total accesses: 10
[2025-10-29T21:04:03Z INFO  analyzer::plot]   Maximum CDF difference: 0.7000
[2025-10-29T21:04:03Z INFO  analyzer] Test finished
[2025-10-29T21:04:03Z INFO  analyzer] Generating report
[2025-10-29T21:04:03Z INFO  owl_analyzer] Dumping report to ./owl_results/0/report.json
[2025-10-29T21:04:03Z INFO  owl_analyzer] Report saved to ./owl_results/0/report.json
[2025-10-29T21:04:03Z INFO  owl_analyzer] Analyze finished
